-- phpMyAdmin SQL Dump
-- version 5.2.1
-- https://www.phpmyadmin.net/
--
-- Host: 127.0.0.1:3306
-- Generation Time: Sep 16, 2024 at 11:34 AM
-- Server version: 8.3.0
-- PHP Version: 8.2.18

SET SQL_MODE = "NO_AUTO_VALUE_ON_ZERO";
START TRANSACTION;
SET time_zone = "+00:00";


/*!40101 SET @OLD_CHARACTER_SET_CLIENT=@@CHARACTER_SET_CLIENT */;
/*!40101 SET @OLD_CHARACTER_SET_RESULTS=@@CHARACTER_SET_RESULTS */;
/*!40101 SET @OLD_COLLATION_CONNECTION=@@COLLATION_CONNECTION */;
/*!40101 SET NAMES utf8mb4 */;

--
-- Database: `dbhall1`
--

-- --------------------------------------------------------

--
-- Table structure for table `audit_logs`
--

DROP TABLE IF EXISTS `audit_logs`;
CREATE TABLE IF NOT EXISTS `audit_logs` (
  `id` bigint UNSIGNED NOT NULL AUTO_INCREMENT,
  `description` text CHARACTER SET utf8mb4 COLLATE utf8mb4_unicode_ci NOT NULL,
  `subject_id` bigint UNSIGNED DEFAULT NULL,
  `subject_type` varchar(191) CHARACTER SET utf8mb4 COLLATE utf8mb4_unicode_ci DEFAULT NULL,
  `user_id` bigint UNSIGNED DEFAULT NULL,
  `properties` text CHARACTER SET utf8mb4 COLLATE utf8mb4_unicode_ci,
  `host` varchar(46) CHARACTER SET utf8mb4 COLLATE utf8mb4_unicode_ci DEFAULT NULL,
  `created_at` timestamp NULL DEFAULT NULL,
  `updated_at` timestamp NULL DEFAULT NULL,
  PRIMARY KEY (`id`)
) ENGINE=MyISAM DEFAULT CHARSET=utf8mb4 COLLATE=utf8mb4_unicode_ci;

-- --------------------------------------------------------

--
-- Table structure for table `booking_date_times`
--

DROP TABLE IF EXISTS `booking_date_times`;
CREATE TABLE IF NOT EXISTS `booking_date_times` (
  `id` varchar(200) CHARACTER SET utf8mb4 COLLATE utf8mb4_unicode_ci NOT NULL,
  `booked_date` date DEFAULT NULL,
  `time_slot` varchar(191) CHARACTER SET utf8mb4 COLLATE utf8mb4_unicode_ci DEFAULT NULL,
  `created_at` timestamp NULL DEFAULT NULL,
  `updated_at` timestamp NULL DEFAULT NULL,
  `deleted_at` timestamp NULL DEFAULT NULL,
  `hall_booking_id` varchar(200) CHARACTER SET utf8mb4 COLLATE utf8mb4_unicode_ci DEFAULT NULL,
  PRIMARY KEY (`id`)
) ENGINE=MyISAM DEFAULT CHARSET=utf8mb4 COLLATE=utf8mb4_unicode_ci;

--
-- Dumping data for table `booking_date_times`
--

INSERT INTO `booking_date_times` (`id`, `booked_date`, `time_slot`, `created_at`, `updated_at`, `deleted_at`, `hall_booking_id`) VALUES
('9c2ffcbc-5d87-4ddd-bf69-74059bff3827', '2024-06-02', 'AM', '2024-06-01 22:02:55', '2024-06-01 22:50:45', '2024-06-01 22:50:45', '9c2ffcbc-5b95-46d7-a147-7d92466e5aec'),
('9c2ffd1a-3d2a-4999-80f3-b3914d8ea5c7', '2024-07-12', 'AM', '2024-06-01 22:03:57', '2024-06-11 12:17:21', '2024-06-11 12:17:21', '9c2ffd1a-3b11-419e-a8a6-36f242f58321'),
('9c3e457d-504a-4081-9b61-671f2f8c6b17', '2024-06-09', 'PM', '2024-06-09 12:57:57', '2024-06-09 13:00:33', '2024-06-09 13:00:33', '9c3e457d-4fbb-48e8-a583-8ba523bcb4d4'),
('9c3e457d-5062-4710-984f-df735b986d51', '2024-06-10', 'AM', '2024-06-09 12:57:57', '2024-06-09 13:00:33', '2024-06-09 13:00:33', '9c3e457d-4fbb-48e8-a583-8ba523bcb4d4'),
('9c3e48fa-1920-4153-8dfe-c10c7e2795f7', '2024-06-09', 'AM', '2024-06-09 13:07:42', '2024-06-29 13:42:58', '2024-06-29 13:42:58', '9c3e48fa-188f-44d6-88a6-8cdcc411fbad'),
('9c3e48fa-1938-4771-9ed3-1b514b5f171b', '2024-06-09', 'PM', '2024-06-09 13:07:42', '2024-06-29 13:42:58', '2024-06-29 13:42:58', '9c3e48fa-188f-44d6-88a6-8cdcc411fbad'),
('9c3e48fa-194c-4045-9a83-5a33576c95d6', '2024-06-10', 'AM', '2024-06-09 13:07:42', '2024-06-29 13:42:58', '2024-06-29 13:42:58', '9c3e48fa-188f-44d6-88a6-8cdcc411fbad'),
('9c3e48fa-195f-46be-b92b-ecc103104b48', '2024-06-10', 'PM', '2024-06-09 13:07:42', '2024-06-29 13:42:58', '2024-06-29 13:42:58', '9c3e48fa-188f-44d6-88a6-8cdcc411fbad'),
('9c402745-bd03-49fe-9f67-48c3049e64e0', '2024-06-22', 'AM', '2024-06-10 11:25:07', '2024-06-10 11:26:19', '2024-06-10 11:26:19', '9c402745-bc66-4d37-ad7f-f2c57dccef90'),
('9c402745-bd19-4c66-a8c2-c2316835f845', '2024-06-22', 'PM', '2024-06-10 11:25:07', '2024-06-10 11:26:19', '2024-06-10 11:26:19', '9c402745-bc66-4d37-ad7f-f2c57dccef90'),
('9c408dcd-e11e-4935-9d86-74a0d0d864fa', '2024-06-12', 'AM', '2024-06-10 16:11:49', '2024-06-10 16:13:03', '2024-06-10 16:13:03', '9c408dcd-e08a-42ba-a3f1-96e82b59e934'),
('9c408dcd-e133-4a07-aa6b-3df943ec5b5c', '2024-06-12', 'PM', '2024-06-10 16:11:49', '2024-06-10 16:13:03', '2024-06-10 16:13:03', '9c408dcd-e08a-42ba-a3f1-96e82b59e934'),
('9c423467-c153-4457-aaf3-d90a0c3a17a0', '2024-06-11', 'AM', '2024-06-11 11:53:29', '2024-06-29 13:43:02', '2024-06-29 13:43:02', '9c423467-c0bf-44ea-ad37-f015e1315909'),
('9c423467-c16b-4919-ac06-249eeb8014ea', '2024-06-11', 'PM', '2024-06-11 11:53:29', '2024-06-29 13:43:02', '2024-06-29 13:43:02', '9c423467-c0bf-44ea-ad37-f015e1315909'),
('9c4236fc-dfce-4807-9afd-81de9694e2a3', '2025-01-18', 'AM', '2024-06-11 12:00:43', '2024-06-29 13:42:27', '2024-06-29 13:42:27', '9c4236fc-df3c-4622-bd5f-c07150a537cd'),
('9c4236fc-dfe5-4bce-b887-fa42091bb3f8', '2025-01-18', 'PM', '2024-06-11 12:00:43', '2024-06-29 13:42:27', '2024-06-29 13:42:27', '9c4236fc-df3c-4622-bd5f-c07150a537cd'),
('9c423c91-e27b-44f1-833a-bbfde36dbac7', '2025-01-18', 'AM', '2024-06-11 12:16:19', '2024-06-29 13:42:48', '2024-06-29 13:42:48', '9c423c91-e1e3-49b9-9958-f12385ec444d'),
('9c423c91-e293-42e0-8f52-672ea16db007', '2025-01-18', 'PM', '2024-06-11 12:16:19', '2024-06-29 13:42:48', '2024-06-29 13:42:48', '9c423c91-e1e3-49b9-9958-f12385ec444d'),
('9c464c9e-48ea-4de4-81a4-5df166ee9b76', '2024-08-12', 'AM', '2024-06-13 12:44:30', '2024-06-29 13:43:07', '2024-06-29 13:43:07', '9c464c9e-4856-4d9d-97ac-a175516fee76'),
('9c464c9e-4902-4edd-8dda-c8251fc7493b', '2024-08-12', 'PM', '2024-06-13 12:44:30', '2024-06-29 13:43:07', '2024-06-29 13:43:07', '9c464c9e-4856-4d9d-97ac-a175516fee76'),
('9c484091-a40c-44c7-a21b-36cae28b3d8a', '2024-06-14', 'AM', '2024-06-14 12:02:28', '2024-06-14 12:03:25', '2024-06-14 12:03:25', '9c484091-a37b-4d3a-a373-ca43b9d9b5d0'),
('9c484091-a422-4c93-b2b7-0838cc343e54', '2024-06-14', 'PM', '2024-06-14 12:02:28', '2024-06-14 12:03:25', '2024-06-14 12:03:25', '9c484091-a37b-4d3a-a373-ca43b9d9b5d0'),
('9c48420d-1184-42eb-abce-05cb7a0e591f', '2024-06-11', 'AM', '2024-06-14 12:06:37', '2024-06-29 13:42:33', '2024-06-29 13:42:33', '9c48420d-10f2-4130-bc69-7d9d7f7acf39'),
('9c48420d-119b-41fb-9e8c-8e812ad579b0', '2024-06-11', 'PM', '2024-06-14 12:06:37', '2024-06-29 13:42:33', '2024-06-29 13:42:33', '9c48420d-10f2-4130-bc69-7d9d7f7acf39'),
('9c4a6cd0-6e3f-4fbc-ba3b-5c828fff943f', '2024-06-15', 'AM', '2024-06-15 13:57:51', '2024-06-29 13:42:42', '2024-06-29 13:42:42', '9c4a6cd0-6d8b-4898-b24a-ffc7cb5bced9'),
('9c4a6cd0-6e5a-4489-86af-4e5063872723', '2024-06-15', 'PM', '2024-06-15 13:57:51', '2024-06-29 13:42:42', '2024-06-29 13:42:42', '9c4a6cd0-6d8b-4898-b24a-ffc7cb5bced9'),
('9c583c48-7d6c-4c16-93a6-b81096ea38de', '2024-06-22', 'AM', '2024-06-22 10:43:44', '2024-06-29 13:42:22', '2024-06-29 13:42:22', '9c583c48-7bf1-4c02-926f-269987c86c8f'),
('9c64f7e5-ebf1-41a9-857b-623593faac5e', '2024-12-30', 'PM', '2024-06-28 18:38:17', '2024-06-29 13:42:53', '2024-06-29 13:42:53', '9c64f7e5-eb59-4e25-b27f-a59180212b09'),
('9c64f7e5-ec09-405b-863f-71a0f8d81ab5', '2024-12-31', 'AM', '2024-06-28 18:38:17', '2024-06-29 13:42:53', '2024-06-29 13:42:53', '9c64f7e5-eb59-4e25-b27f-a59180212b09'),
('9c669392-858c-42f0-aaff-9184ad9d8860', '2024-07-10', 'PM', '2024-06-29 13:49:24', '2024-06-29 14:48:46', '2024-06-29 14:48:46', '9c669392-84fc-40ab-8661-9c833e7c8283'),
('9c669392-85a5-4b7b-824b-8673eef9f59d', '2024-07-11', 'AM', '2024-06-29 13:49:24', '2024-06-29 14:48:46', '2024-06-29 14:48:46', '9c669392-84fc-40ab-8661-9c833e7c8283'),
('9c669913-1547-423a-864d-91d2ce05e22e', '2024-07-20', 'AM', '2024-06-29 14:04:47', '2024-06-29 14:48:33', '2024-06-29 14:48:33', '9c669913-14b7-41a5-8d72-dc429a834e4a'),
('9c66a037-1fbf-472c-8b77-68d9e8b3d6fb', '2024-07-28', 'PM', '2024-06-29 14:24:45', '2024-06-29 14:48:24', '2024-06-29 14:48:24', '9c66a037-1f31-443e-8b55-57ecdfda4146'),
('9c72f5f9-e8f2-426e-84c5-a55f99f93d09', '2024-07-02', 'AM', '2024-07-05 17:34:30', '2024-07-05 17:34:30', NULL, '9c72f5f9-e78f-42e2-8dc1-7cc8359fa989'),
('9c72fc16-b819-43d1-83ba-feb108aa952d', '2024-07-03', 'PM', '2024-07-05 17:51:35', '2024-07-05 17:51:35', NULL, '9c72fc16-b77c-461d-9f5c-7c8de07671aa'),
('9c72fca5-de04-4a38-8573-1b99e5a65a62', '2024-07-04', 'PM', '2024-07-05 17:53:09', '2024-07-05 17:53:09', NULL, '9c72fca5-dd63-4f84-a7f9-78083c962fa6'),
('9c72fdbf-fe50-4382-8e63-fa3a6addd61a', '2024-07-05', 'PM', '2024-07-05 17:56:14', '2024-07-05 17:56:14', NULL, '9c72fdbf-fdc2-4ff9-ac94-dc3ebb067239'),
('9c74fb49-07ff-415e-980a-9a6abf06d458', '2024-07-07', 'PM', '2024-07-06 17:41:00', '2024-07-06 17:41:00', NULL, '9c74fb49-06aa-43fd-9604-890678ccc3fa'),
('9c74fc22-23f4-46f2-899b-b9ab9286db06', '2024-07-10', 'PM', '2024-07-06 17:43:22', '2024-07-17 17:32:53', '2024-07-17 17:32:53', '9c74fc22-2349-49d6-a2ef-fa1f708ff8fe'),
('9c74fc7f-2cc3-48d5-b6bd-27ba48ba7d44', '2024-07-11', 'AM', '2024-07-06 17:44:23', '2024-07-17 17:33:05', '2024-07-17 17:33:05', '9c74fc7f-2c1d-4370-be0a-b3f443ee3037'),
('9c74fce9-8422-44bd-b0d5-90f1f0433acc', '2024-07-12', 'PM', '2024-07-06 17:45:33', '2024-07-06 17:45:33', NULL, '9c74fce9-8394-42ca-b933-de2a9d092d36'),
('9c74fd5f-dbf3-4f27-a14a-e8d939689cbc', '2024-07-13', 'PM', '2024-07-06 17:46:50', '2024-07-17 18:21:00', '2024-07-17 18:21:00', '9c74fd5f-db6b-4cca-b88c-3eed293e41c0'),
('9c74ffc9-9ccc-483b-a700-af65250af860', '2024-07-14', 'AM', '2024-07-06 17:53:35', '2024-07-06 17:53:35', NULL, '9c74ffc9-9c30-46e0-bc94-04b1f30e3161'),
('9c75006e-53a1-49a7-8aec-8832b041d7c0', '2024-07-14', 'PM', '2024-07-06 17:55:23', '2024-07-17 18:21:10', '2024-07-17 18:21:10', '9c75006e-5311-4870-99eb-cf57e29eb3d7'),
('9c75012e-e73a-4918-8aa7-4ecd5b9b24cd', '2024-07-20', 'AM', '2024-07-06 17:57:29', '2024-07-06 17:57:29', NULL, '9c75012e-e69c-4c5a-ac2d-d54fc8a9953d'),
('9c7505b0-be59-46ff-9d04-b48804d8d8c9', '2024-07-26', 'PM', '2024-07-06 18:10:05', '2024-07-06 18:10:05', NULL, '9c7505b0-bdd1-491d-a375-40bbdf2a6d66'),
('9c750630-ac56-49ce-b93c-e425c47c7dd1', '2024-07-28', 'PM', '2024-07-06 18:11:29', '2024-07-06 18:11:29', NULL, '9c750630-abcd-47cd-844c-a7ab4c72ba82'),
('9c7506ac-b135-4eeb-980f-4a04d028e491', '2024-07-29', 'PM', '2024-07-06 18:12:50', '2024-07-06 18:12:50', NULL, '9c7506ac-b0a0-4abb-9d45-d1ebd40df312'),
('9c75070e-f9c1-4a44-bc28-1dae9e27b5c2', '2024-07-30', 'PM', '2024-07-06 18:13:55', '2024-07-06 18:13:55', NULL, '9c75070e-f935-4dba-9b60-3f018f3763b4'),
('9c7c8e92-887f-492c-8826-401424c44fab', '2024-08-01', 'PM', '2024-07-10 12:03:38', '2024-07-10 12:03:38', NULL, '9c7c8e92-86e7-4837-baa8-4b6f8c6bb1f2'),
('9c7c8fb1-d0e0-49ed-be31-2b8887a2ffff', '2024-08-02', 'PM', '2024-07-10 12:06:46', '2024-07-10 12:06:46', NULL, '9c7c8fb1-d051-4ac3-9952-35c0c4483fe3'),
('9c7c9291-8627-42d0-8654-742a151437d8', '2024-08-03', 'PM', '2024-07-10 12:14:48', '2024-07-10 12:14:48', NULL, '9c7c9291-8582-4051-8243-2df68190462e'),
('9c7c9291-863f-49ec-90cf-af0788204360', '2024-08-04', 'AM', '2024-07-10 12:14:48', '2024-07-10 12:14:48', NULL, '9c7c9291-8582-4051-8243-2df68190462e'),
('9c7c9354-88f3-4be1-ae08-2d4676423eae', '2024-08-04', 'PM', '2024-07-10 12:16:56', '2024-07-10 12:16:56', NULL, '9c7c9354-8864-48ff-92be-1695100e9d62'),
('9c7cc2b2-ea85-43b3-8dfd-00fcb06d1951', '2024-08-19', 'AM', '2024-07-10 14:29:23', '2024-07-10 14:29:23', NULL, '9c7cc2b2-e9e8-4d78-85d1-e93304061d98'),
('9c7cc2b2-ea9d-48de-9c18-70db6aa09358', '2024-08-19', 'PM', '2024-07-10 14:29:23', '2024-07-10 14:29:23', NULL, '9c7cc2b2-e9e8-4d78-85d1-e93304061d98'),
('9c7ea350-6adf-4feb-9bfc-91965502d88f', '2025-05-17', 'PM', '2024-07-11 12:53:17', '2024-07-11 12:53:17', NULL, '9c7ea350-6a26-42fc-8d3c-a8565f381a06'),
('9c7ea350-6af7-4264-9cd2-45f58a49355c', '2025-05-18', 'AM', '2024-07-11 12:53:17', '2024-07-11 12:53:17', NULL, '9c7ea350-6a26-42fc-8d3c-a8565f381a06'),
('9c7ea350-6b0a-48de-a684-218c757cdf7b', '2025-05-18', 'PM', '2024-07-11 12:53:17', '2024-07-11 12:53:17', NULL, '9c7ea350-6a26-42fc-8d3c-a8565f381a06'),
('9c7ea5dc-0644-4dff-9760-a8c5ba768af2', '2025-05-24', 'PM', '2024-07-11 13:00:24', '2024-07-11 13:00:24', NULL, '9c7ea5dc-05b2-49ef-baaa-771dab58f600'),
('9c7ea5dc-065c-411e-95ec-8117b40cc694', '2025-05-25', 'AM', '2024-07-11 13:00:24', '2024-07-11 13:00:24', NULL, '9c7ea5dc-05b2-49ef-baaa-771dab58f600'),
('9c7ea92e-cadd-4344-ad90-173678f88807', '2024-08-16', 'PM', '2024-07-11 13:09:42', '2024-07-11 13:09:42', NULL, '9c7ea92e-ca4c-43ed-ace6-e2d3cb91ba42'),
('9c7eb3b9-e765-4250-8a30-532e2d9c6385', '2025-02-04', 'PM', '2024-07-11 13:39:11', '2024-07-11 13:39:11', NULL, '9c7eb3b9-e6cd-4bcf-8fa3-906a70620814'),
('9c7eb3b9-e77b-49f6-a0c2-c35e4123e207', '2025-02-05', 'PM', '2024-07-11 13:39:11', '2024-07-11 13:39:11', NULL, '9c7eb3b9-e6cd-4bcf-8fa3-906a70620814'),
('9c7eb3b9-e78f-42b7-9e30-eb1f3c64cfd4', '2025-02-06', 'AM', '2024-07-11 13:39:11', '2024-07-11 13:39:11', NULL, '9c7eb3b9-e6cd-4bcf-8fa3-906a70620814'),
('9c7f06c2-cbbe-48c4-b9d6-e6527700011e', '2025-02-01', 'PM', '2024-07-11 17:31:22', '2024-07-11 17:31:22', NULL, '9c7f06c2-cac0-4e00-ab3c-1194c7b3866b'),
('9c7f06c2-cbe5-4aef-9cee-d6c556d3ef8f', '2025-02-02', 'AM', '2024-07-11 17:31:22', '2024-07-11 17:31:22', NULL, '9c7f06c2-cac0-4e00-ab3c-1194c7b3866b'),
('9c7f06c2-cc02-4416-9aad-736277041323', '2025-02-02', 'PM', '2024-07-11 17:31:22', '2024-07-11 17:31:22', NULL, '9c7f06c2-cac0-4e00-ab3c-1194c7b3866b'),
('9c7f0847-d3dc-4068-b441-76e77f8f1e02', '2025-05-19', 'AM', '2024-07-11 17:35:37', '2024-07-11 17:35:37', NULL, '9c7f0847-d346-44b3-bb7e-c810c5a86e12'),
('9c7f0847-d3f2-4f8a-bb94-069b91f5f892', '2025-05-19', 'PM', '2024-07-11 17:35:37', '2024-07-11 17:35:37', NULL, '9c7f0847-d346-44b3-bb7e-c810c5a86e12'),
('9c7f1186-ed63-4d8a-9b8e-4057c3b296e7', '2025-01-12', 'PM', '2024-07-11 18:01:28', '2024-07-11 18:01:28', NULL, '9c7f1186-ecb3-4941-b1c9-dd9f11984c7f'),
('9c82b1e1-3f13-4164-b8a2-4a2218c8ff6a', '2025-12-20', 'PM', '2024-07-13 13:17:20', '2024-07-13 13:17:20', NULL, '9c82b1e1-3d69-450e-99a6-7b0f9fac17d7'),
('9c82b1e1-3f2d-4955-b0c4-d873f9ece04b', '2025-12-21', 'PM', '2024-07-13 13:17:20', '2024-07-13 13:17:20', NULL, '9c82b1e1-3d69-450e-99a6-7b0f9fac17d7'),
('9c82b4c3-0c16-4f79-9f62-06e377098e29', '2024-08-25', 'AM', '2024-07-13 13:25:23', '2024-07-13 13:25:23', NULL, '9c82b4c3-0b87-467a-8f17-6730586ade93'),
('9c82b5eb-cbc8-41a5-bbc4-8d8e6501e857', '2024-11-24', 'PM', '2024-07-13 13:28:38', '2024-07-13 13:28:38', NULL, '9c82b5eb-cb37-45cd-b402-22722bc3c076'),
('9c82c2fe-cba7-445c-96b4-c5682801bff5', '2024-10-23', 'PM', '2024-07-13 14:05:11', '2024-07-13 14:05:11', NULL, '9c82c2fe-cb15-4123-8312-666ef54810cd'),
('9c82c5b8-b73a-44ad-a1d8-e533910e6010', '2024-09-21', 'PM', '2024-07-13 14:12:48', '2024-07-13 14:12:48', NULL, '9c82c5b8-b6a9-4089-b9c5-3a771fc2dbb0'),
('9c82c8e7-d61e-4875-975b-a587080c8f30', '2024-12-24', 'PM', '2024-07-13 14:21:43', '2024-07-18 13:00:15', '2024-07-18 13:00:15', '9c82c8e7-d58c-4495-8e57-ceb03ee4dedc'),
('9c82c9b0-f2f9-4eaf-bdbe-2c41cd9692eb', '2024-10-13', 'PM', '2024-07-13 14:23:54', '2024-07-13 14:23:54', NULL, '9c82c9b0-f265-40a4-a3c4-573bf08f3d05'),
('9c86b15d-1dbf-47b6-8b6a-05475a0a499d', '2025-09-27', 'PM', '2024-07-15 12:59:12', '2024-07-15 12:59:12', NULL, '9c86b15d-1c38-427f-85ae-f009f0eb8f74'),
('9c86b15d-1de0-4196-92fa-ac2c4e1a0b15', '2025-09-28', 'AM', '2024-07-15 12:59:12', '2024-07-15 12:59:12', NULL, '9c86b15d-1c38-427f-85ae-f009f0eb8f74'),
('9c86b414-41d8-4376-95ec-720b4c3542a8', '2025-01-18', 'PM', '2024-07-15 13:06:47', '2024-07-15 13:06:47', NULL, '9c86b414-4143-47c3-a818-153027ab64f2'),
('9c86b414-41fd-483e-a1d6-fa60b17d0cfe', '2025-01-19', 'AM', '2024-07-15 13:06:47', '2024-07-15 13:06:47', NULL, '9c86b414-4143-47c3-a818-153027ab64f2'),
('9c86c2db-7096-4fe3-b60a-4d4a99bf5018', '2024-12-21', 'PM', '2024-07-15 13:48:07', '2024-07-15 13:48:07', NULL, '9c86c2db-6fdf-4ae1-abed-467d5677aa13'),
('9c86c2db-70ac-408f-af88-fcbdd458d28b', '2024-12-22', 'AM', '2024-07-15 13:48:07', '2024-07-15 13:48:07', NULL, '9c86c2db-6fdf-4ae1-abed-467d5677aa13'),
('9c86c543-7fe3-4825-b2e0-fdac1ccc64ed', '2024-12-30', 'PM', '2024-07-15 13:54:50', '2024-07-15 13:54:50', NULL, '9c86c543-7f3b-4ab1-84c6-271699cb698f'),
('9c86c543-7ffb-4da9-ab69-54e726293dcf', '2024-12-31', 'AM', '2024-07-15 13:54:50', '2024-07-15 13:54:50', NULL, '9c86c543-7f3b-4ab1-84c6-271699cb698f'),
('9c86c63b-b22a-448c-8e3b-59beeac1e713', '2024-09-07', 'AM', '2024-07-15 13:57:33', '2024-07-15 13:57:33', NULL, '9c86c63b-b194-46a8-9e98-82446f65dec5'),
('9c86c795-0c0c-4f49-9299-e82dc9ce6b0b', '2025-05-07', 'PM', '2024-07-15 14:01:19', '2024-07-15 14:01:19', NULL, '9c86c795-0b7a-4385-886d-8c81357f0c75'),
('9c86c795-0c22-4ff4-9b11-9714a9b74a99', '2025-05-08', 'AM', '2024-07-15 14:01:19', '2024-07-15 14:01:19', NULL, '9c86c795-0b7a-4385-886d-8c81357f0c75'),
('9c86c974-cc7f-4919-8b8e-94822fa63921', '2024-11-16', 'PM', '2024-07-15 14:06:34', '2024-07-15 14:06:34', NULL, '9c86c974-cbee-461e-b83d-fd5b826e8d4f'),
('9c8713a6-22cc-408b-b4f5-faa04f2ae9d5', '2025-01-25', 'PM', '2024-07-15 17:34:01', '2024-07-15 17:34:01', NULL, '9c8713a6-2236-4ad3-b3a4-89414ceacbe3'),
('9c8713a6-22e5-46fa-befc-d876341a171f', '2025-01-26', 'AM', '2024-07-15 17:34:01', '2024-07-15 17:34:01', NULL, '9c8713a6-2236-4ad3-b3a4-89414ceacbe3'),
('9c8715d5-a102-4c93-bf7a-162c649f1439', '2024-12-25', 'AM', '2024-07-15 17:40:08', '2024-07-15 17:40:08', NULL, '9c8715d5-a060-423f-8499-430abe41f64d'),
('9c87183e-8f5f-4955-a4aa-1ee085c47c7c', '2025-06-14', 'PM', '2024-07-15 17:46:52', '2024-07-16 12:58:23', '2024-07-16 12:58:23', '9c87183e-8eb1-43d0-a2e8-c2678bbb5789'),
('9c87183e-8f76-428c-a569-6e7456d7693d', '2025-06-16', 'PM', '2024-07-15 17:46:52', '2024-07-16 12:58:23', '2024-07-16 12:58:23', '9c87183e-8eb1-43d0-a2e8-c2678bbb5789'),
('9c88b879-b86c-47fd-a2dc-d6cc38835fc9', '2025-06-14', 'PM', '2024-07-16 13:10:44', '2024-07-16 13:10:44', NULL, '9c88b879-b799-4608-a838-b6b49a676fa1'),
('9c88b879-b887-4d5f-b8cf-5ecd340e117d', '2025-06-15', 'PM', '2024-07-16 13:10:44', '2024-07-16 13:10:44', NULL, '9c88b879-b799-4608-a838-b6b49a676fa1'),
('9c88bb91-ecaf-4890-b64a-995f2a2a6e60', '2024-11-01', 'PM', '2024-07-16 13:19:23', '2024-07-16 13:19:23', NULL, '9c88bb91-ec1f-4f9e-9821-391a43c15b20'),
('9c8b17f6-f735-41db-a502-fcbf3961fedc', '2024-11-02', 'PM', '2024-07-17 17:29:24', '2024-07-17 17:29:24', NULL, '9c8b17f6-f69c-4b83-ba84-b52ccbbfe4c3'),
('9c8b17f6-f74d-4838-b9cd-f9ce774f46e0', '2024-11-03', 'AM', '2024-07-17 17:29:24', '2024-07-17 17:29:24', NULL, '9c8b17f6-f69c-4b83-ba84-b52ccbbfe4c3'),
('9c8b2705-17a0-414e-a63f-32858b316512', '2024-07-10', 'PM', '2024-07-17 18:11:30', '2024-07-17 18:11:30', NULL, '9c8b2705-1710-40be-ada8-edce20981b17'),
('9c8b2897-1ce4-452e-8f13-fdfd6940d5a4', '2024-08-12', 'PM', '2024-07-17 18:15:53', '2024-07-17 18:15:53', NULL, '9c8b2897-1c56-421d-be24-f06c56b5ff0e'),
('9c8b2b98-a284-4936-b34d-8a723bc4ff51', '2024-07-13', 'PM', '2024-07-17 18:24:18', '2024-07-17 18:24:18', NULL, '9c8b2b98-a1fa-421a-b507-62f574c3bffe'),
('9c8b2b98-a29b-4c91-952b-0444d21e3d7d', '2024-07-14', 'PM', '2024-07-17 18:24:18', '2024-07-17 18:24:18', NULL, '9c8b2b98-a1fa-421a-b507-62f574c3bffe'),
('9c8cab64-a6a0-44b5-9f0f-af02ea171fef', '2024-07-22', 'PM', '2024-07-18 12:17:28', '2024-07-18 12:17:28', NULL, '9c8cab64-a5fa-4459-aa89-f1021ebe0975'),
('9c8cabc1-9b71-4263-bbe1-0187c5da2f46', '2024-07-23', 'PM', '2024-07-18 12:18:29', '2024-07-18 12:18:29', NULL, '9c8cabc1-9aed-4263-841a-523dd7d613ce'),
('9c8cac66-0314-425b-87ce-860b6b980efa', '2024-07-31', 'PM', '2024-07-18 12:20:17', '2024-07-18 12:20:17', NULL, '9c8cac66-0284-41c7-9e6d-85c2a8c0a717'),
('9c8cad0b-6ea0-44ac-9d3a-22c96df68295', '2024-08-05', 'PM', '2024-07-18 12:22:05', '2024-07-18 12:22:05', NULL, '9c8cad0b-6e0d-4c12-ab38-7773d5148b6f'),
('9c8cad63-f037-4e7d-8337-acfa1f899196', '2024-08-06', 'PM', '2024-07-18 12:23:03', '2024-07-18 12:23:03', NULL, '9c8cad63-efad-48fd-a72c-412b6f640d18'),
('9c8cadc9-a3df-40b0-9048-8e474bd7f207', '2024-08-07', 'PM', '2024-07-18 12:24:10', '2024-07-18 12:24:10', NULL, '9c8cadc9-a34f-4d27-bdbe-1b4d53600f04'),
('9c8cae44-c7ec-41e4-976b-d87a3d97e5c4', '2024-08-08', 'PM', '2024-07-18 12:25:30', '2024-07-18 12:25:30', NULL, '9c8cae44-c765-4bd3-b9d3-d40c7f617e39'),
('9c8caec8-1bb7-49db-b799-427958102550', '2024-08-10', 'PM', '2024-07-18 12:26:57', '2024-07-18 12:26:57', NULL, '9c8caec8-1b28-4100-856f-07cf98655712'),
('9c8caec8-1bcc-42cb-90ae-8bfe37a14eec', '2024-08-11', 'AM', '2024-07-18 12:26:57', '2024-07-18 12:26:57', NULL, '9c8caec8-1b28-4100-856f-07cf98655712'),
('9c8cb1df-eaf7-472c-b073-9772bb8238e8', '2024-08-17', 'AM', '2024-07-18 12:35:35', '2024-07-18 12:35:35', NULL, '9c8cb1df-ea66-471d-8fdb-37452123ef6b'),
('9c8cb2d7-4d6c-4ebe-a993-50f0f3ad0724', '2024-08-17', 'PM', '2024-07-18 12:38:18', '2024-07-18 12:38:18', NULL, '9c8cb2d7-4ce4-49fd-a0b1-9f6cb7a1e566'),
('9c8cb2d7-4d81-45f3-b793-a8716dbcb3dc', '2024-08-18', 'PM', '2024-07-18 12:38:18', '2024-07-18 12:38:18', NULL, '9c8cb2d7-4ce4-49fd-a0b1-9f6cb7a1e566'),
('9c8cb3b4-781b-46d3-ae8e-a704e09de9df', '2024-07-19', 'AM', '2024-07-18 12:40:43', '2024-07-22 16:58:45', '2024-07-22 16:58:45', '9c8cb3b4-7793-40ba-b622-e30785b69c36'),
('9c8cb3b4-7834-4deb-bdc8-6cf172553e50', '2024-07-19', 'PM', '2024-07-18 12:40:43', '2024-07-22 16:58:45', '2024-07-22 16:58:45', '9c8cb3b4-7793-40ba-b622-e30785b69c36'),
('9c8cb601-a585-4276-826a-cb18103424ec', '2024-08-24', 'AM', '2024-07-18 12:47:09', '2024-07-18 12:47:09', NULL, '9c8cb601-a4f9-475d-ab40-98966c6c4b1b'),
('9c8cb6df-0117-450f-baed-6a9c77013d4f', '2024-08-25', 'PM', '2024-07-18 12:49:34', '2024-07-18 12:49:34', NULL, '9c8cb6df-0091-48ef-8d51-539687cf97be'),
('9c8cba1c-12da-46ec-9b38-ed8931773608', '2024-08-27', 'PM', '2024-07-18 12:58:37', '2024-07-18 12:58:37', NULL, '9c8cba1c-1243-415c-8f4a-2e8e0c4d6f4f'),
('9c8cba8d-035f-48cc-8350-b945f88256c2', '2024-08-31', 'PM', '2024-07-18 12:59:51', '2024-07-18 13:00:29', '2024-07-18 13:00:29', '9c8cba8d-02c7-4552-b959-d33a74d1ab2d'),
('9c8cbb91-e23b-4671-8639-b38b63bcfafa', '2024-08-31', 'PM', '2024-07-18 13:02:42', '2024-07-18 13:02:42', NULL, '9c8cbb91-e1ae-4a47-a455-ddd02420a84a'),
('9c8cbb91-e251-4f52-b494-d66a0aeea5b0', '2024-09-01', 'AM', '2024-07-18 13:02:42', '2024-07-18 13:02:42', NULL, '9c8cbb91-e1ae-4a47-a455-ddd02420a84a'),
('9c8d157d-5b5d-4daf-a474-ef609befdaf7', '2024-08-11', 'PM', '2024-07-18 17:14:08', '2024-07-18 17:14:08', NULL, '9c8d157d-5acd-4dc6-8c6d-1c09f00e1bdf'),
('9c8d1604-84b7-4f0f-8b9a-7908e42e726c', '2024-08-15', 'AM', '2024-07-18 17:15:37', '2024-07-18 17:15:37', NULL, '9c8d1604-841c-4cdc-a04c-f63afafc5cbc'),
('9c8d1734-70e1-46c3-996d-59b6547d8fed', '2024-09-11', 'PM', '2024-07-18 17:18:56', '2024-07-18 17:18:56', NULL, '9c8d1734-704d-44c6-a560-11b6ff8cfe1b'),
('9c8d17ad-a954-4d7a-a3bd-fd37f9d2ce84', '2024-08-14', 'PM', '2024-07-18 17:20:15', '2024-07-22 17:09:33', '2024-07-22 17:09:33', '9c8d17ad-a8d0-43a7-96f5-1fe2cd769b62'),
('9c8d187f-4faa-46ab-a704-b38ea8362aba', '2024-09-14', 'PM', '2024-07-18 17:22:33', '2024-07-18 17:22:33', NULL, '9c8d187f-4f1c-4613-9ff6-8fe779db8696'),
('9c8d187f-4fc1-4111-96ed-53ce6cde331b', '2024-09-15', 'PM', '2024-07-18 17:22:33', '2024-07-18 17:22:33', NULL, '9c8d187f-4f1c-4613-9ff6-8fe779db8696'),
('9c8d1917-767d-4e54-936f-90e42945c841', '2024-09-17', 'PM', '2024-07-18 17:24:12', '2024-07-18 17:24:12', NULL, '9c8d1917-75f1-4366-8f4d-1ed56bf01356'),
('9c8d19c0-2a2a-40c0-b593-c720ad6ef784', '2024-09-22', 'PM', '2024-07-18 17:26:03', '2024-07-18 17:26:03', NULL, '9c8d19c0-299b-4230-9475-775014424057'),
('9c94c894-e686-4b5a-b6d9-f6f64a57432c', '2024-07-09', 'PM', '2024-07-22 13:05:42', '2024-07-22 13:05:42', NULL, '9c94c894-e52d-4034-9bbb-cf58f413c4e8'),
('9c952459-1103-4d1d-b73e-e48738b3527e', '2024-10-05', 'PM', '2024-07-22 17:22:18', '2024-07-22 17:22:18', NULL, '9c952459-1077-45a3-8f7c-fbe5161d9c85'),
('9c952459-111c-4134-ac0a-4758d8427b9c', '2024-10-06', 'AM', '2024-07-22 17:22:18', '2024-07-22 17:22:18', NULL, '9c952459-1077-45a3-8f7c-fbe5161d9c85'),
('9c952459-112e-4d20-876b-71a2c441d375', '2024-10-06', 'PM', '2024-07-22 17:22:18', '2024-07-22 17:22:18', NULL, '9c952459-1077-45a3-8f7c-fbe5161d9c85'),
('9c952612-1d4d-49cd-b8eb-5706fdc829e8', '2024-10-12', 'AM', '2024-07-22 17:27:07', '2024-07-22 17:27:07', NULL, '9c952612-1cbc-4622-b213-ff219c046f80'),
('9c9526c0-7eaa-4585-b514-c1f66417bd49', '2024-10-12', 'PM', '2024-07-22 17:29:02', '2024-07-22 17:29:02', NULL, '9c9526c0-7e19-46e7-8d00-6fd07312d42d'),
('9c9526c0-7ec0-4942-97f9-1e6ff14f2fe0', '2024-10-13', 'AM', '2024-07-22 17:29:02', '2024-07-22 17:29:02', NULL, '9c9526c0-7e19-46e7-8d00-6fd07312d42d'),
('9c9527c8-2d85-4f16-81b9-7d7d38747263', '2024-10-19', 'PM', '2024-07-22 17:31:54', '2024-07-22 17:31:54', NULL, '9c9527c8-2ce8-4d01-a69c-8a81ba1f1b16'),
('9c9527c8-2d9c-40b0-b8b3-bb885505d1b9', '2024-10-20', 'PM', '2024-07-22 17:31:54', '2024-07-22 17:31:54', NULL, '9c9527c8-2ce8-4d01-a69c-8a81ba1f1b16'),
('9c9536c6-b1ce-4382-bfbb-f545fa236dba', '2024-11-09', 'PM', '2024-07-22 18:13:50', '2024-07-22 18:13:50', NULL, '9c9536c6-b129-458b-8838-5c5d37968903'),
('9c9536c6-b1e8-47f3-b486-9b974e7649d7', '2024-11-10', 'AM', '2024-07-22 18:13:50', '2024-07-22 18:13:50', NULL, '9c9536c6-b129-458b-8838-5c5d37968903'),
('9c9d3a38-70ac-4f30-99bd-37df00964e2c', '2024-07-17', 'PM', '2024-07-26 17:50:05', '2024-07-26 17:50:05', NULL, '9c9d3a38-7004-44ad-b474-fbcbd30c7996'),
('9c9d4097-523f-4270-82c9-6a505ff9a0fa', '2024-12-23', 'AM', '2024-07-26 18:07:54', '2024-07-26 18:07:54', NULL, '9c9d4097-519d-4b22-b843-e58f88d9fec1'),
('9c9f7aff-623d-4bec-9693-44697d4b5ff0', '2024-07-30', 'AM', '2024-07-27 08:12:52', '2024-07-27 08:13:10', '2024-07-27 08:13:10', '9c9f7aff-4c7d-42d2-942a-613ced2dcc97');

-- --------------------------------------------------------

--
-- Table structure for table `booking_payments`
--

DROP TABLE IF EXISTS `booking_payments`;
CREATE TABLE IF NOT EXISTS `booking_payments` (
  `id` varchar(200) CHARACTER SET utf8mb4 COLLATE utf8mb4_unicode_ci NOT NULL,
  `amount` double(15,2) NOT NULL,
  `amount_type` varchar(191) CHARACTER SET utf8mb4 COLLATE utf8mb4_unicode_ci DEFAULT NULL,
  `created_at` timestamp NULL DEFAULT NULL,
  `updated_at` timestamp NULL DEFAULT NULL,
  `deleted_at` timestamp NULL DEFAULT NULL,
  `booking_id` varchar(200) CHARACTER SET utf8mb4 COLLATE utf8mb4_unicode_ci DEFAULT NULL,
  `receipt` varchar(50) CHARACTER SET utf8mb4 COLLATE utf8mb4_unicode_ci DEFAULT NULL,
  `date_1` date DEFAULT NULL,
  `date_2` int DEFAULT NULL,
  PRIMARY KEY (`id`),
  KEY `booking_fk_9684710` (`booking_id`)
) ENGINE=MyISAM DEFAULT CHARSET=utf8mb4 COLLATE=utf8mb4_unicode_ci;

--
-- Dumping data for table `booking_payments`
--

INSERT INTO `booking_payments` (`id`, `amount`, `amount_type`, `created_at`, `updated_at`, `deleted_at`, `booking_id`, `receipt`, `date_1`, `date_2`) VALUES
('9c2ffd1a-3e11-4bc9-a4be-185b4501d2d6', 1000.00, 'advance', '2024-06-01 22:03:57', '2024-06-11 12:17:21', '2024-06-11 12:17:21', '9c2ffd1a-3b11-419e-a8a6-36f242f58321', '1', '2024-06-02', NULL),
('9c2ffcbc-5e56-4d36-9a4f-414e78fa2e8f', 5000.00, 'advance', '2024-06-01 22:02:55', '2024-06-01 22:50:45', '2024-06-01 22:50:45', '9c2ffcbc-5b95-46d7-a147-7d92466e5aec', '1', '2024-06-27', NULL),
('9c3e457d-507b-43c6-997d-2b34434f8881', 5000.00, 'advance', '2024-06-09 12:57:57', '2024-06-09 12:59:25', '2024-06-09 12:59:25', '9c3e457d-4fbb-48e8-a583-8ba523bcb4d4', '23233', '2024-06-09', NULL),
('9c3e4603-f196-4c5d-9d4b-11a4dad2228d', 5000.00, 'advance', '2024-06-09 12:59:25', '2024-06-09 13:00:33', '2024-06-09 13:00:33', '9c3e457d-4fbb-48e8-a583-8ba523bcb4d4', '23233', '2024-06-09', NULL),
('9c3e4603-f223-4f32-ae2e-d97e03aa9738', 10000.00, 'balance', '2024-06-09 12:59:25', '2024-06-09 13:00:33', '2024-06-09 13:00:33', '9c3e457d-4fbb-48e8-a583-8ba523bcb4d4', '2323', '2024-06-09', NULL),
('9c3e48fa-197a-4c5a-9e0d-100cd73712ad', 5000.00, 'advance', '2024-06-09 13:07:42', '2024-06-09 13:08:05', '2024-06-09 13:08:05', '9c3e48fa-188f-44d6-88a6-8cdcc411fbad', '23323', '2024-06-09', NULL),
('9c3e491c-5a02-4d7f-8577-0e68f601ad75', 5000.00, 'advance', '2024-06-09 13:08:05', '2024-06-29 13:42:58', '2024-06-29 13:42:58', '9c3e48fa-188f-44d6-88a6-8cdcc411fbad', '23323', '2024-06-09', NULL),
('9c3e491c-5a8c-4a6c-8c51-42bfbd1d44da', 10000.00, 'balance', '2024-06-09 13:08:05', '2024-06-29 13:42:58', '2024-06-29 13:42:58', '9c3e48fa-188f-44d6-88a6-8cdcc411fbad', '26663', '2024-06-09', NULL),
('9c402745-bd33-430a-9abb-604a38945a81', 5000.00, 'advance', '2024-06-10 11:25:07', '2024-06-10 11:25:53', '2024-06-10 11:25:53', '9c402745-bc66-4d37-ad7f-f2c57dccef90', '343444', '2024-06-11', NULL),
('9c40278c-894c-4462-9da4-ca07ab780248', 5000.00, 'advance', '2024-06-10 11:25:53', '2024-06-10 11:26:19', '2024-06-10 11:26:19', '9c402745-bc66-4d37-ad7f-f2c57dccef90', '343444', '2024-06-11', NULL),
('9c40278c-89cb-4b58-913f-f716c0dcca33', 8000.00, 'balance', '2024-06-10 11:25:53', '2024-06-10 11:26:19', '2024-06-10 11:26:19', '9c402745-bc66-4d37-ad7f-f2c57dccef90', '2323', '2024-06-12', NULL),
('9c408dcd-e14c-4d2d-8cec-e3ec8c196ed1', 5000.00, 'advance', '2024-06-10 16:11:49', '2024-06-10 16:12:33', '2024-06-10 16:12:33', '9c408dcd-e08a-42ba-a3f1-96e82b59e934', '453443', '2024-06-10', NULL),
('9c408e11-92b6-44d5-bb15-51d123eeb57b', 5000.00, 'advance', '2024-06-10 16:12:33', '2024-06-10 16:13:03', '2024-06-10 16:13:03', '9c408dcd-e08a-42ba-a3f1-96e82b59e934', '453443', '2024-06-10', NULL),
('9c408e11-9344-4918-a691-838820721f17', 3000.00, 'balance', '2024-06-10 16:12:33', '2024-06-10 16:13:03', '2024-06-10 16:13:03', '9c408dcd-e08a-42ba-a3f1-96e82b59e934', '535553', NULL, NULL),
('9c423467-c186-4141-a619-f74857adb4dd', 8000.00, 'advance', '2024-06-11 11:53:29', '2024-06-29 13:43:02', '2024-06-29 13:43:02', '9c423467-c0bf-44ea-ad37-f015e1315909', '436', '2024-06-11', NULL),
('9c423467-c19d-4434-8cf5-989bb23945ae', 24000.00, 'balance', '2024-06-11 11:53:29', '2024-06-29 13:43:02', '2024-06-29 13:43:02', '9c423467-c0bf-44ea-ad37-f015e1315909', '480', '2024-06-20', NULL),
('9c4236fc-e000-494d-86a9-8acf2eeb395a', 5000.00, 'advance', '2024-06-11 12:00:43', '2024-06-29 13:42:27', '2024-06-29 13:42:27', '9c4236fc-df3c-4622-bd5f-c07150a537cd', '430', '2024-06-11', NULL),
('9c4236fc-e014-4b6d-8d0e-5ec8bff9e61b', 17000.00, 'balance', '2024-06-11 12:00:43', '2024-06-29 13:42:27', '2024-06-29 13:42:27', '9c4236fc-df3c-4622-bd5f-c07150a537cd', '532', '2024-06-12', NULL),
('9c423c91-e2b1-4d73-878f-78bcdab534bf', 1000.00, 'advance', '2024-06-11 12:16:19', '2024-06-15 13:59:27', '2024-06-15 13:59:27', '9c423c91-e1e3-49b9-9958-f12385ec444d', '436', '2024-06-12', NULL),
('9c423c91-e2c8-4e0f-bdef-beecda2037fd', 21000.00, 'balance', '2024-06-11 12:16:19', '2024-06-15 13:59:27', '2024-06-15 13:59:27', '9c423c91-e1e3-49b9-9958-f12385ec444d', '532', '2024-06-12', NULL),
('9c464c9e-491f-4235-8fb2-f64512950aef', 1000.00, 'advance', '2024-06-13 12:44:30', '2024-06-29 13:43:07', '2024-06-29 13:43:07', '9c464c9e-4856-4d9d-97ac-a175516fee76', '432', '2024-06-13', NULL),
('9c464c9e-4933-437d-b132-6dfd26d1a489', 22000.00, 'balance', '2024-06-13 12:44:30', '2024-06-29 13:43:07', '2024-06-29 13:43:07', '9c464c9e-4856-4d9d-97ac-a175516fee76', '536', '2024-06-12', NULL),
('9c484091-a43b-42d8-9e67-47f653c49be2', 8000.00, 'advance', '2024-06-14 12:02:28', '2024-06-14 12:03:25', '2024-06-14 12:03:25', '9c484091-a37b-4d3a-a373-ca43b9d9b5d0', '345', '2024-06-14', NULL),
('9c484091-a450-4621-a7e7-f9f70fc1d536', 15000.00, 'balance', '2024-06-14 12:02:28', '2024-06-14 12:03:25', '2024-06-14 12:03:25', '9c484091-a37b-4d3a-a373-ca43b9d9b5d0', '480', '2024-06-12', NULL),
('9c48420d-11b6-4638-961f-98afcadd75dc', 1000.00, 'advance', '2024-06-14 12:06:37', '2024-06-29 13:42:33', '2024-06-29 13:42:33', '9c48420d-10f2-4130-bc69-7d9d7f7acf39', '345', '2024-06-15', NULL),
('9c48420d-11ca-4f2c-9289-8fbd05d6dda5', 22000.00, 'balance', '2024-06-14 12:06:37', '2024-06-29 13:42:33', '2024-06-29 13:42:33', '9c48420d-10f2-4130-bc69-7d9d7f7acf39', '532', '2024-06-12', NULL),
('9c4a6cd0-6e7b-4ff2-af0a-b2d21735200d', 232312.00, 'advance', '2024-06-15 13:57:51', '2024-06-29 13:42:42', '2024-06-29 13:42:42', '9c4a6cd0-6d8b-4898-b24a-ffc7cb5bced9', '436', '2024-06-13', NULL),
('9c4a6d63-a73a-4b1d-8bbd-ee3ce074de97', 1000.00, 'advance', '2024-06-15 13:59:27', '2024-06-29 13:42:48', '2024-06-29 13:42:48', '9c423c91-e1e3-49b9-9958-f12385ec444d', '436', '2024-06-12', NULL),
('9c4a6d63-a7c6-4319-a1e5-797324a31cb5', 21000.00, 'balance', '2024-06-15 13:59:27', '2024-06-29 13:42:48', '2024-06-29 13:42:48', '9c423c91-e1e3-49b9-9958-f12385ec444d', NULL, NULL, NULL),
('9c583c48-7d8e-4673-8a96-9a232c0f7a83', 5000.00, 'advance', '2024-06-22 10:43:44', '2024-06-29 13:42:22', '2024-06-29 13:42:22', '9c583c48-7bf1-4c02-926f-269987c86c8f', 'test1', '2024-06-22', NULL),
('9c64f7e5-ec27-402d-ba3e-f85fb7a23411', 6000.00, 'advance', '2024-06-28 18:38:17', '2024-06-29 13:42:53', '2024-06-29 13:42:53', '9c64f7e5-eb59-4e25-b27f-a59180212b09', '508', '2024-06-20', NULL),
('9c669392-85c3-4f5b-84fb-1aa47f95ccb2', 2000.00, 'advance', '2024-06-29 13:49:24', '2024-06-29 13:54:01', '2024-06-29 13:54:01', '9c669392-84fc-40ab-8661-9c833e7c8283', '215', '2024-03-05', NULL),
('9c669539-3414-43ec-a97f-63c6106c1464', 2000.00, 'advance', '2024-06-29 13:54:01', '2024-06-29 14:48:46', '2024-06-29 14:48:46', '9c669392-84fc-40ab-8661-9c833e7c8283', '215', '2024-03-05', NULL),
('9c669913-1567-47a4-a52b-4a402ce98247', 500.00, 'advance', '2024-06-29 14:04:47', '2024-06-29 14:48:33', '2024-06-29 14:48:33', '9c669913-14b7-41a5-8d72-dc429a834e4a', '160', '2024-01-18', NULL),
('9c72f5f9-e914-479a-a1cf-d8fb7153567a', 1.00, 'advance', '2024-07-05 17:34:30', '2024-07-16 13:34:23', '2024-07-16 13:34:23', '9c72f5f9-e78f-42e2-8dc1-7cc8359fa989', '1', '2024-07-02', NULL),
('9c72fc16-b83a-4a83-a642-2a9171294d78', 1.00, 'advance', '2024-07-05 17:51:35', '2024-07-17 17:31:49', '2024-07-17 17:31:49', '9c72fc16-b77c-461d-9f5c-7c8de07671aa', '1', '2024-07-03', NULL),
('9c72fca5-de26-475a-bbac-23a609021745', 1.00, 'advance', '2024-07-05 17:53:09', '2024-07-15 17:48:15', '2024-07-15 17:48:15', '9c72fca5-dd63-4f84-a7f9-78083c962fa6', '1', '2024-07-04', NULL),
('9c72fdbf-fe6f-4871-bcb6-bd640a91632f', 1.00, 'advance', '2024-07-05 17:56:14', '2024-07-15 18:02:54', '2024-07-15 18:02:54', '9c72fdbf-fdc2-4ff9-ac94-dc3ebb067239', '1', '2024-07-05', NULL),
('9c74fb49-0829-42a4-859b-99fb136038d1', 3000.00, 'advance', '2024-07-06 17:41:00', '2024-07-15 18:17:23', '2024-07-15 18:17:23', '9c74fb49-06aa-43fd-9604-890678ccc3fa', '448', '2024-07-07', NULL),
('9c74fc22-2413-4ea7-953e-33706c192637', 2000.00, 'advance', '2024-07-06 17:43:22', '2024-07-17 17:32:53', '2024-07-17 17:32:53', '9c74fc22-2349-49d6-a2ef-fa1f708ff8fe', '215', '2024-07-10', NULL),
('9c74fc7f-2ce6-4d93-968e-c1511d6959d0', 1.00, 'advance', '2024-07-06 17:44:23', '2024-07-17 17:33:05', '2024-07-17 17:33:05', '9c74fc7f-2c1d-4370-be0a-b3f443ee3037', '1', '2024-07-11', NULL),
('9c74fce9-8444-438c-af05-0b3e5665e619', 1.00, 'advance', '2024-07-06 17:45:33', '2024-07-17 18:17:41', '2024-07-17 18:17:41', '9c74fce9-8394-42ca-b933-de2a9d092d36', '1', '2024-07-12', NULL),
('9c74fd5f-dc0f-470b-80bd-718e1ff8925e', 1.00, 'advance', '2024-07-06 17:46:50', '2024-07-17 18:21:00', '2024-07-17 18:21:00', '9c74fd5f-db6b-4cca-b88c-3eed293e41c0', '1', '2024-07-13', NULL),
('9c74ffc9-9ced-4028-a249-0d5bb9eb076a', 2000.00, 'advance', '2024-07-06 17:53:35', '2024-07-15 14:23:44', '2024-07-15 14:23:44', '9c74ffc9-9c30-46e0-bc94-04b1f30e3161', '1', '2024-07-14', NULL),
('9c75006e-53c0-4b0a-ab26-386d0033bfa7', 3500.00, 'advance', '2024-07-06 17:55:23', '2024-07-15 14:16:39', '2024-07-15 14:16:39', '9c75006e-5311-4870-99eb-cf57e29eb3d7', '516', '2024-07-14', NULL),
('9c75012e-e75a-4cae-b3cb-26e2912635aa', 1.00, 'advance', '2024-07-06 17:57:29', '2024-07-23 17:30:27', '2024-07-23 17:30:27', '9c75012e-e69c-4c5a-ac2d-d54fc8a9953d', '1', '2024-07-20', NULL),
('9c7505b0-be78-4dda-8e60-6d36d4bf6215', 1000.00, 'advance', '2024-07-06 18:10:05', '2024-07-06 18:10:05', NULL, '9c7505b0-bdd1-491d-a375-40bbdf2a6d66', '192', '2024-02-15', NULL),
('9c750630-ac74-4730-af48-02d1097c6258', 1.00, 'advance', '2024-07-06 18:11:29', '2024-07-06 18:11:29', NULL, '9c750630-abcd-47cd-844c-a7ab4c72ba82', '1', '2024-07-28', NULL),
('9c7506ac-b154-4d62-ac27-693d79c326c3', 1.00, 'advance', '2024-07-06 18:12:50', '2024-07-26 17:47:08', '2024-07-26 17:47:08', '9c7506ac-b0a0-4abb-9d45-d1ebd40df312', '1', '2024-07-29', NULL),
('9c75070e-f9e2-4f61-b7f0-33d72f81ba4d', 1.00, 'advance', '2024-07-06 18:13:55', '2024-07-06 18:13:55', NULL, '9c75070e-f935-4dba-9b60-3f018f3763b4', '1', '2024-07-30', NULL),
('9c7c8e92-88a4-4294-a025-14278b63255a', 1.00, 'advance', '2024-07-10 12:03:38', '2024-07-10 12:03:38', NULL, '9c7c8e92-86e7-4837-baa8-4b6f8c6bb1f2', '1', '2024-08-01', NULL),
('9c7c8fb1-d100-467d-aab6-c25e9aaf8263', 500.00, 'advance', '2024-07-10 12:06:46', '2024-07-10 12:06:46', NULL, '9c7c8fb1-d051-4ac3-9952-35c0c4483fe3', '151', '2023-01-14', NULL),
('9c7c9291-865f-4f78-a9ef-f643143267fa', 4000.00, 'advance', '2024-07-10 12:14:48', '2024-07-10 12:14:48', NULL, '9c7c9291-8582-4051-8243-2df68190462e', '447', '2024-08-04', NULL),
('9c7c9354-8912-494c-a27a-bac7efdedb89', 5000.00, 'advance', '2024-07-10 12:16:56', '2024-07-10 12:16:56', NULL, '9c7c9354-8864-48ff-92be-1695100e9d62', '498', '2024-01-12', NULL),
('9c7cc2b2-eab7-48e4-abc3-13f5bff235f7', 5000.00, 'advance', '2024-07-10 14:29:23', '2024-07-10 14:29:23', NULL, '9c7cc2b2-e9e8-4d78-85d1-e93304061d98', '359', '2024-04-03', NULL),
('9c7ea350-6b28-4e38-a619-e6f24353fb51', 5000.00, 'advance', '2024-07-11 12:53:17', '2024-07-11 12:53:17', NULL, '9c7ea350-6a26-42fc-8d3c-a8565f381a06', '384', '2024-04-29', NULL),
('9c7ea5dc-067c-42f0-946c-3718c3034303', 3000.00, 'advance', '2024-07-11 13:00:24', '2024-07-11 13:00:24', NULL, '9c7ea5dc-05b2-49ef-baaa-771dab58f600', '389', '2024-04-30', NULL),
('9c7ea92e-cafd-4261-bc2d-1c7df75e31ec', 2000.00, 'advance', '2024-07-11 13:09:42', '2024-07-11 13:09:42', NULL, '9c7ea92e-ca4c-43ed-ace6-e2d3cb91ba42', '398', '2024-05-07', NULL),
('9c7eb3b9-e7ac-4665-bbb2-182775f726e1', 1000.00, 'advance', '2024-07-11 13:39:11', '2024-07-11 13:39:11', NULL, '9c7eb3b9-e6cd-4bcf-8fa3-906a70620814', '399', '2024-05-07', NULL),
('9c7f06c2-cc30-4ee1-be8e-3ba4b06638a6', 2000.00, 'advance', '2024-07-11 17:31:22', '2024-07-11 17:36:21', '2024-07-11 17:36:21', '9c7f06c2-cac0-4e00-ab3c-1194c7b3866b', '369', '2024-04-18', NULL),
('9c7f0847-d410-474d-97ad-419e8e781c15', 500.00, 'advance', '2024-07-11 17:35:37', '2024-07-11 17:35:37', NULL, '9c7f0847-d346-44b3-bb7e-c810c5a86e12', '372', '2024-04-18', NULL),
('9c7f08de-2f12-4048-bfa7-cf5a6d6e1408', 5000.00, 'advance', '2024-07-11 17:37:15', '2024-07-11 17:37:15', NULL, '9c7f06c2-cac0-4e00-ab3c-1194c7b3866b', '369      373', '2024-04-18', NULL),
('9c7f1186-ed84-4096-a4a3-232dcd74de7c', 3000.00, 'advance', '2024-07-11 18:01:28', '2024-07-11 18:01:28', NULL, '9c7f1186-ecb3-4941-b1c9-dd9f11984c7f', '382', '0024-04-25', NULL),
('9c82b1e1-3f4c-4967-9e3d-07b7fc63992f', 8000.00, 'advance', '2024-07-13 13:17:20', '2024-07-13 13:17:20', NULL, '9c82b1e1-3d69-450e-99a6-7b0f9fac17d7', '451', '2024-05-12', NULL),
('9c82b4c3-0c35-49fc-a55a-3760dc22dc5e', 2000.00, 'advance', '2024-07-13 13:25:23', '2024-07-13 13:25:23', NULL, '9c82b4c3-0b87-467a-8f17-6730586ade93', '452', '0024-05-13', NULL),
('9c82b5eb-cbeb-484f-b5f5-be72caf449d9', 2000.00, 'advance', '2024-07-13 13:28:38', '2024-07-13 13:28:38', NULL, '9c82b5eb-cb37-45cd-b402-22722bc3c076', '456', '0024-05-14', NULL),
('9c82c2fe-cbc7-4b19-bbc1-e0f5dd479b92', 1000.00, 'advance', '2024-07-13 14:05:11', '2024-07-13 14:05:11', NULL, '9c82c2fe-cb15-4123-8312-666ef54810cd', '463', '0024-05-18', NULL),
('9c82c5b8-b75b-4198-be79-6cfd27b21124', 5000.00, 'advance', '2024-07-13 14:12:48', '2024-07-13 14:12:48', NULL, '9c82c5b8-b6a9-4089-b9c5-3a771fc2dbb0', '465', '2024-05-18', NULL),
('9c82c8e7-d63f-4bad-a559-1c6721dd4a26', 4000.00, 'advance', '2024-07-13 14:21:43', '2024-07-18 13:00:15', '2024-07-18 13:00:15', '9c82c8e7-d58c-4495-8e57-ceb03ee4dedc', '467', '2024-05-18', NULL),
('9c82c9b0-f317-4a74-ba9d-b03fe79bf145', 5000.00, 'advance', '2024-07-13 14:23:54', '2024-07-13 14:23:54', NULL, '9c82c9b0-f265-40a4-a3c4-573bf08f3d05', '468', '2024-05-18', NULL),
('9c86b15d-1dfe-43e4-8002-37cfad0bd142', 6000.00, 'advance', '2024-07-15 12:59:12', '2024-07-15 12:59:12', NULL, '9c86b15d-1c38-427f-85ae-f009f0eb8f74', '484', '2024-05-30', NULL),
('9c86b414-422b-4fa7-82ed-1bc578cfd49e', 5000.00, 'advance', '2024-07-15 13:06:47', '2024-07-15 13:06:47', NULL, '9c86b414-4143-47c3-a818-153027ab64f2', '496', '2024-06-10', NULL),
('9c86c2db-70c8-454f-84a8-affd6787dad2', 6000.00, 'advance', '2024-07-15 13:48:07', '2024-07-15 13:48:07', NULL, '9c86c2db-6fdf-4ae1-abed-467d5677aa13', '499', '2024-06-11', NULL),
('9c86c543-801b-4fb4-94f7-962ac9ec30c7', 6000.00, 'advance', '2024-07-15 13:54:50', '2024-07-15 13:54:50', NULL, '9c86c543-7f3b-4ab1-84c6-271699cb698f', '508', '2024-06-20', NULL),
('9c86c63b-b24c-4562-910e-adaad9d3f6b8', 2000.00, 'advance', '2024-07-15 13:57:33', '2024-07-15 13:57:33', NULL, '9c86c63b-b194-46a8-9e98-82446f65dec5', '509', '2024-06-21', NULL),
('9c86c795-0c3f-4f1c-8dd5-b432f56a4fd2', 5000.00, 'advance', '2024-07-15 14:01:19', '2024-07-15 14:01:19', NULL, '9c86c795-0b7a-4385-886d-8c81357f0c75', '510', '2024-06-21', NULL),
('9c86c974-cc9e-4370-baad-9fa2a240645a', 2000.00, 'advance', '2024-07-15 14:06:34', '2024-07-15 14:06:34', NULL, '9c86c974-cbee-461e-b83d-fd5b826e8d4f', '515', '2024-06-29', NULL),
('9c86cd0f-cc3d-4ffe-9dab-47459c0eb90a', 3500.00, 'advance', '2024-07-15 14:16:39', '2024-07-17 18:21:10', '2024-07-17 18:21:10', '9c75006e-5311-4870-99eb-cf57e29eb3d7', '516', '2024-07-14', NULL),
('9c86cf99-1fe2-41f2-b4ff-7826e26b7977', 2000.00, 'advance', '2024-07-15 14:23:44', '2024-07-17 18:19:55', '2024-07-17 18:19:55', '9c74ffc9-9c30-46e0-bc94-04b1f30e3161', '518', '2024-07-01', NULL),
('9c8713a6-2302-4b68-a9f1-1cc5f7709157', 6000.00, 'advance', '2024-07-15 17:34:01', '2024-07-15 17:34:01', NULL, '9c8713a6-2236-4ad3-b3a4-89414ceacbe3', '521', '2024-07-02', NULL),
('9c8715d5-a125-4b73-b09a-da12540c4bb7', 5000.00, 'advance', '2024-07-15 17:40:08', '2024-07-15 17:40:08', NULL, '9c8715d5-a060-423f-8499-430abe41f64d', '522', '2024-07-04', NULL),
('9c87183e-8f94-4562-9cc2-7322478f0229', 3000.00, 'advance', '2024-07-15 17:46:52', '2024-07-16 12:58:23', '2024-07-16 12:58:23', '9c87183e-8eb1-43d0-a2e8-c2678bbb5789', '523', '2024-07-05', NULL),
('9c8718bd-24d1-4e73-be59-9576e9cc5f44', 2000.00, 'advance', '2024-07-15 17:48:15', '2024-07-15 17:48:15', NULL, '9c72fca5-dd63-4f84-a7f9-78083c962fa6', '524', '2024-07-02', NULL),
('9c871df9-a930-4fd0-98ea-251b901182bf', 2500.00, 'advance', '2024-07-15 18:02:54', '2024-07-15 18:02:54', NULL, '9c72fdbf-fdc2-4ff9-ac94-dc3ebb067239', '525', '2024-07-05', NULL),
('9c872328-2c17-4dbd-abb5-6d3aa94e7504', 3000.00, 'advance', '2024-07-15 18:17:23', '2024-07-15 18:17:23', NULL, '9c74fb49-06aa-43fd-9604-890678ccc3fa', '448', '2024-07-07', NULL),
('9c872328-2ca1-434d-8ad6-f3cd208112d4', 8000.00, 'balance', '2024-07-15 18:17:23', '2024-07-15 18:17:23', NULL, '9c74fb49-06aa-43fd-9604-890678ccc3fa', '526', '2024-07-07', NULL),
('9c88b879-b8ab-4846-93c2-178f5f2bcf4c', 3000.00, 'advance', '2024-07-16 13:10:44', '2024-07-16 13:10:44', NULL, '9c88b879-b799-4608-a838-b6b49a676fa1', '523', '2024-07-05', NULL),
('9c88bb91-eccc-4536-834f-522927c9a77a', 2000.00, 'advance', '2024-07-16 13:19:23', '2024-07-16 13:19:23', NULL, '9c88bb91-ec1f-4f9e-9821-391a43c15b20', '527', '2024-07-08', NULL),
('9c88c0ee-d841-400b-af98-bddc7c721dfd', 4000.00, 'balance', '2024-07-16 13:34:23', '2024-07-16 13:34:23', NULL, '9c72f5f9-e78f-42e2-8dc1-7cc8359fa989', '528', '2024-07-02', NULL),
('9c8b17f6-f76b-4e91-94a8-ad75edccad90', 1.00, 'advance', '2024-07-17 17:29:24', '2024-07-17 17:29:24', NULL, '9c8b17f6-f69c-4b83-ba84-b52ccbbfe4c3', '1', '2024-07-17', NULL),
('9c8b18d3-a89d-4342-9155-dc58b86ae565', 2000.00, 'advance', '2024-07-17 17:31:49', '2024-07-17 17:31:49', NULL, '9c72fc16-b77c-461d-9f5c-7c8de07671aa', '529', '2024-07-01', NULL),
('9c8b2705-17c1-4c43-9cf2-d287f86fb23c', 2000.00, 'advance', '2024-07-17 18:11:30', '2024-07-17 18:11:30', NULL, '9c8b2705-1710-40be-ada8-edce20981b17', '215', '2024-07-10', NULL),
('9c8b2705-1808-481c-8969-bc0a6a9b1cd9', 8000.00, 'balance', '2024-07-17 18:11:30', '2024-07-17 18:11:30', NULL, '9c8b2705-1710-40be-ada8-edce20981b17', '530', '2024-07-10', NULL),
('9c8b2897-1d04-4548-8618-469bf36179a7', 1000.00, 'advance', '2024-07-17 18:15:53', '2024-07-17 18:15:53', NULL, '9c8b2897-1c56-421d-be24-f06c56b5ff0e', '531', '2024-07-14', NULL),
('9c8b293b-0959-41de-a42d-4e2443e321fb', 2000.00, 'advance', '2024-07-17 18:17:41', '2024-07-17 18:17:41', NULL, '9c74fce9-8394-42ca-b933-de2a9d092d36', '532', '2024-07-05', NULL),
('9c8b2a07-e53e-4bb0-ae2e-4a8d21daf258', 2000.00, 'advance', '2024-07-17 18:19:55', '2024-07-17 18:19:55', NULL, '9c74ffc9-9c30-46e0-bc94-04b1f30e3161', '518', '2024-07-01', NULL),
('9c8b2a07-e5c8-442d-a141-eeb73b4db9b1', 10000.00, 'balance', '2024-07-17 18:19:55', '2024-07-17 18:19:55', NULL, '9c74ffc9-9c30-46e0-bc94-04b1f30e3161', '533', '2024-07-14', NULL),
('9c8b2b98-a2b7-46aa-9a9e-d23bc8759420', 3500.00, 'advance', '2024-07-17 18:24:18', '2024-07-17 18:24:18', NULL, '9c8b2b98-a1fa-421a-b507-62f574c3bffe', '516', '2024-06-30', NULL),
('9c8b2b98-a2ce-482b-8cc7-f5a33de02742', 16500.00, 'balance', '2024-07-17 18:24:18', '2024-07-17 18:24:18', NULL, '9c8b2b98-a1fa-421a-b507-62f574c3bffe', '534', '2024-07-14', NULL),
('9c8cab64-a6c2-4ba4-869b-5c0e4955eb8d', 1.00, 'advance', '2024-07-18 12:17:28', '2024-07-24 11:52:21', '2024-07-24 11:52:21', '9c8cab64-a5fa-4459-aa89-f1021ebe0975', '1', '2024-07-22', NULL),
('9c8cabc1-9b8f-40f3-9bbc-86bf0d9788b5', 1.00, 'advance', '2024-07-18 12:18:29', '2024-07-18 12:18:29', NULL, '9c8cabc1-9aed-4263-841a-523dd7d613ce', '1', '2024-07-23', NULL),
('9c8cac66-0333-409f-8cfb-8c3e1e7dea8e', 1.00, 'advance', '2024-07-18 12:20:17', '2024-07-18 12:20:17', NULL, '9c8cac66-0284-41c7-9e6d-85c2a8c0a717', '1', '2024-07-31', NULL),
('9c8cad0b-6ec1-4ce6-a8e9-f18ce8c300ec', 1.00, 'advance', '2024-07-18 12:22:05', '2024-07-18 12:22:05', NULL, '9c8cad0b-6e0d-4c12-ab38-7773d5148b6f', '1', '2024-08-05', NULL),
('9c8cad63-f057-447f-a7d3-66a81c82c120', 1.00, 'advance', '2024-07-18 12:23:03', '2024-07-18 12:23:03', NULL, '9c8cad63-efad-48fd-a72c-412b6f640d18', '1', '2024-08-06', NULL),
('9c8cadc9-a3ff-45ce-a7f0-ce75c93e6aa3', 1.00, 'advance', '2024-07-18 12:24:10', '2024-07-18 12:24:10', NULL, '9c8cadc9-a34f-4d27-bdbe-1b4d53600f04', '1', '2024-08-07', NULL),
('9c8cae44-c811-4d50-baa4-9f9a9af45b60', 1.00, 'advance', '2024-07-18 12:25:30', '2024-07-18 12:25:30', NULL, '9c8cae44-c765-4bd3-b9d3-d40c7f617e39', '1', '2024-08-08', NULL),
('9c8caec8-1be7-4b47-9261-0d451ac490db', 1.00, 'advance', '2024-07-18 12:26:57', '2024-07-18 12:26:57', NULL, '9c8caec8-1b28-4100-856f-07cf98655712', '1', '2024-08-11', NULL),
('9c8cb1df-eb18-401c-a03e-dfd9c6e9af95', 1.00, 'advance', '2024-07-18 12:35:35', '2024-07-18 12:35:35', NULL, '9c8cb1df-ea66-471d-8fdb-37452123ef6b', '1', '2024-08-17', NULL),
('9c8cb2d7-4d9c-432e-9e2e-dc6685a8fc6c', 1.00, 'advance', '2024-07-18 12:38:18', '2024-07-18 12:38:18', NULL, '9c8cb2d7-4ce4-49fd-a0b1-9f6cb7a1e566', '1', '2024-08-18', NULL),
('9c8cb3b4-7850-4f70-ba74-130c5e4faf0c', 1.00, 'advance', '2024-07-18 12:40:43', '2024-07-22 16:58:45', '2024-07-22 16:58:45', '9c8cb3b4-7793-40ba-b622-e30785b69c36', '1', '2024-08-19', NULL),
('9c8cb601-a5a5-428f-98c7-169c44bdd141', 1000.00, 'advance', '2024-07-18 12:47:09', '2024-07-18 12:47:09', NULL, '9c8cb601-a4f9-475d-ab40-98966c6c4b1b', '475', '2024-08-24', NULL),
('9c8cb6df-0136-4dbf-9fcb-0210289a66f8', 3000.00, 'advance', '2024-07-18 12:49:34', '2024-07-18 12:49:34', NULL, '9c8cb6df-0091-48ef-8d51-539687cf97be', '457', '2024-05-14', NULL),
('9c8cba1c-12fd-43c6-a34f-072979a7ac22', 1.00, 'advance', '2024-07-18 12:58:37', '2024-07-18 12:58:37', NULL, '9c8cba1c-1243-415c-8f4a-2e8e0c4d6f4f', '1', '2024-08-27', NULL),
('9c8cba8d-0384-4baa-b780-9cd3234ef61f', 1.00, 'advance', '2024-07-18 12:59:51', '2024-07-18 13:00:29', '2024-07-18 13:00:29', '9c8cba8d-02c7-4552-b959-d33a74d1ab2d', '1', '2024-08-31', NULL),
('9c8cbb91-e26f-4c58-a16b-8e327a85deea', 1.00, 'advance', '2024-07-18 13:02:42', '2024-07-18 13:02:42', NULL, '9c8cbb91-e1ae-4a47-a455-ddd02420a84a', '1', '2024-09-01', NULL),
('9c8d157d-5b7e-4098-9280-4471b733a2b9', 1.00, 'advance', '2024-07-18 17:14:08', '2024-07-18 17:14:08', NULL, '9c8d157d-5acd-4dc6-8c6d-1c09f00e1bdf', '1', '2024-08-11', NULL),
('9c8d1604-84db-453e-a04a-55bccfff1145', 1.00, 'advance', '2024-07-18 17:15:37', '2024-07-18 17:15:37', NULL, '9c8d1604-841c-4cdc-a04c-f63afafc5cbc', '1', '2024-08-15', NULL),
('9c8d1734-7101-4c3b-92d4-a9992953e413', 1.00, 'advance', '2024-07-18 17:18:56', '2024-07-18 17:18:56', NULL, '9c8d1734-704d-44c6-a560-11b6ff8cfe1b', '1', '2024-09-11', NULL),
('9c8d17ad-a971-485b-92f3-dc6a4905b674', 1.00, 'advance', '2024-07-18 17:20:15', '2024-07-22 17:09:33', '2024-07-22 17:09:33', '9c8d17ad-a8d0-43a7-96f5-1fe2cd769b62', '1', '2024-09-14', NULL),
('9c8d187f-4fdd-408d-ad51-c796c6c54f72', 5000.00, 'advance', '2024-07-18 17:22:33', '2024-07-18 17:22:33', NULL, '9c8d187f-4f1c-4613-9ff6-8fe779db8696', '159', '2024-09-15', NULL),
('9c8d1917-769b-4bcf-9f52-1864d95dd39f', 1.00, 'advance', '2024-07-18 17:24:12', '2024-07-18 17:24:12', NULL, '9c8d1917-75f1-4366-8f4d-1ed56bf01356', '1', '2024-09-17', NULL),
('9c8d19c0-2a46-4385-8e54-3ea159549298', 3000.00, 'advance', '2024-07-18 17:26:03', '2024-07-18 17:26:03', NULL, '9c8d19c0-299b-4230-9475-775014424057', '196', '2024-02-19', NULL),
('9c94c894-e6ba-4513-ad07-4151ddea2b1d', 1000.00, 'advance', '2024-07-22 13:05:42', '2024-07-22 13:05:42', NULL, '9c94c894-e52d-4034-9bbb-cf58f413c4e8', '535', '2024-07-08', NULL),
('9c952459-1148-48fc-a1ab-91dcce4603ae', 1.00, 'advance', '2024-07-22 17:22:18', '2024-07-22 17:22:18', NULL, '9c952459-1077-45a3-8f7c-fbe5161d9c85', '1', '2024-08-05', NULL),
('9c952612-1d6d-42c0-8ffe-980853d83c3c', 1.00, 'advance', '2024-07-22 17:27:07', '2024-07-22 17:27:07', NULL, '9c952612-1cbc-4622-b213-ff219c046f80', '1', '2024-10-12', NULL),
('9c9526c0-7edc-47a3-b754-6f9080a1043f', 2000.00, 'advance', '2024-07-22 17:29:02', '2024-07-22 17:29:02', NULL, '9c9526c0-7e19-46e7-8d00-6fd07312d42d', '186', '2024-02-09', NULL),
('9c9527c8-2dba-4090-b232-fc05154f1bc4', 5000.00, 'advance', '2024-07-22 17:31:54', '2024-07-22 17:31:54', NULL, '9c9527c8-2ce8-4d01-a69c-8a81ba1f1b16', '214', '2024-03-05', NULL),
('9c9536c6-b209-46f2-a114-50d89c5ba5e3', 5000.00, 'advance', '2024-07-22 18:13:50', '2024-07-22 18:13:50', NULL, '9c9536c6-b129-458b-8838-5c5d37968903', '466', '2024-05-18', NULL),
('9c972a3f-63c8-4dd7-913b-fe9b8541d6a3', 500.00, 'advance', '2024-07-23 17:30:27', '2024-07-23 17:30:27', NULL, '9c75012e-e69c-4c5a-ac2d-d54fc8a9953d', '160', '2024-01-18', NULL),
('9c972a3f-646e-4ed8-9d3f-cfcb31b94432', 1500.00, 'balance', '2024-07-23 17:30:27', '2024-07-23 17:30:27', NULL, '9c75012e-e69c-4c5a-ac2d-d54fc8a9953d', '536', '2024-07-20', NULL),
('9c98b450-6b91-4dc3-a8a7-bd170d23ea0d', 2500.00, 'balance', '2024-07-24 11:52:21', '2024-07-26 17:53:05', '2024-07-26 17:53:05', '9c8cab64-a5fa-4459-aa89-f1021ebe0975', '537', '2024-07-22', NULL),
('9c9d3929-4302-4bb8-970c-dfe51d9ce052', 500.00, 'advance', '2024-07-26 17:47:08', '2024-07-26 17:47:08', NULL, '9c7506ac-b0a0-4abb-9d45-d1ebd40df312', '540', '2024-07-24', NULL),
('9c9d3a38-70d2-41e4-abe8-9803aac2724c', 2500.00, 'balance', '2024-07-26 17:50:05', '2024-07-26 17:50:05', NULL, '9c9d3a38-7004-44ad-b474-fbcbd30c7996', '539', '2024-07-17', NULL),
('9c9d3b4a-db30-4cf9-b7e3-e8b06ea5b669', 2500.00, 'balance', '2024-07-26 17:53:05', '2024-07-26 17:53:05', NULL, '9c8cab64-a5fa-4459-aa89-f1021ebe0975', '537', '2024-07-22', NULL),
('9c9d4097-5265-4d07-afcb-039f4fb0f52f', 6000.00, 'advance', '2024-07-26 18:07:54', '2024-07-26 18:07:54', NULL, '9c9d4097-519d-4b22-b843-e58f88d9fec1', '542', '2024-12-23', NULL),
('9c9f7aff-62fb-4c06-91ac-ba22a111946b', 2.00, 'advance', '2024-07-27 08:12:52', '2024-07-27 08:13:10', '2024-07-27 08:13:10', '9c9f7aff-4c7d-42d2-942a-613ced2dcc97', '2', '2024-07-27', NULL);

-- --------------------------------------------------------

--
-- Table structure for table `cancellations`
--

DROP TABLE IF EXISTS `cancellations`;
CREATE TABLE IF NOT EXISTS `cancellations` (
  `id` bigint UNSIGNED NOT NULL AUTO_INCREMENT,
  `hall_id` varchar(250) CHARACTER SET utf8mb4 COLLATE utf8mb4_unicode_ci NOT NULL,
  `amount` decimal(8,2) DEFAULT '0.00',
  `canceled_at` timestamp NOT NULL DEFAULT CURRENT_TIMESTAMP,
  `created_at` timestamp NULL DEFAULT NULL,
  `updated_at` timestamp NULL DEFAULT NULL,
  `user_id` varchar(250) CHARACTER SET utf8mb4 COLLATE utf8mb4_unicode_ci NOT NULL,
  PRIMARY KEY (`id`),
  KEY `cancellations_hall_id_foreign` (`hall_id`)
) ENGINE=MyISAM AUTO_INCREMENT=30 DEFAULT CHARSET=utf8mb4 COLLATE=utf8mb4_unicode_ci;

--
-- Dumping data for table `cancellations`
--

INSERT INTO `cancellations` (`id`, `hall_id`, `amount`, `canceled_at`, `created_at`, `updated_at`, `user_id`) VALUES
(2, '9c2ffcbc-5b95-46d7-a147-7d92466e5aec', 2000.00, '2024-06-01 22:50:45', '2024-06-01 22:50:45', '2024-06-01 22:50:45', '1'),
(3, '9c3e457d-4fbb-48e8-a583-8ba523bcb4d4', 10000.00, '2024-06-09 13:00:33', '2024-06-09 13:00:33', '2024-06-09 13:00:33', '1'),
(4, '9c402745-bc66-4d37-ad7f-f2c57dccef90', 3000.00, '2024-06-10 11:26:19', '2024-06-10 11:26:19', '2024-06-10 11:26:19', '1'),
(5, '9c408dcd-e08a-42ba-a3f1-96e82b59e934', 3000.00, '2024-06-10 16:13:03', '2024-06-10 16:13:03', '2024-06-10 16:13:03', '1'),
(6, '9c2ffd1a-3b11-419e-a8a6-36f242f58321', 2000.00, '2024-06-11 12:17:21', '2024-06-11 12:17:21', '2024-06-11 12:17:21', '1'),
(7, '9c484091-a37b-4d3a-a373-ca43b9d9b5d0', 0.00, '2024-06-14 12:03:25', '2024-06-14 12:03:25', '2024-06-14 12:03:25', '1'),
(8, '9c583c48-7bf1-4c02-926f-269987c86c8f', 0.00, '2024-06-29 13:42:22', '2024-06-29 13:42:22', '2024-06-29 13:42:22', '1'),
(9, '9c4236fc-df3c-4622-bd5f-c07150a537cd', 0.00, '2024-06-29 13:42:27', '2024-06-29 13:42:27', '2024-06-29 13:42:27', '1'),
(10, '9c48420d-10f2-4130-bc69-7d9d7f7acf39', 0.00, '2024-06-29 13:42:33', '2024-06-29 13:42:33', '2024-06-29 13:42:33', '1'),
(11, '9c4a6cd0-6d8b-4898-b24a-ffc7cb5bced9', 0.00, '2024-06-29 13:42:42', '2024-06-29 13:42:42', '2024-06-29 13:42:42', '1'),
(12, '9c423c91-e1e3-49b9-9958-f12385ec444d', 0.00, '2024-06-29 13:42:48', '2024-06-29 13:42:48', '2024-06-29 13:42:48', '1'),
(13, '9c64f7e5-eb59-4e25-b27f-a59180212b09', 0.00, '2024-06-29 13:42:53', '2024-06-29 13:42:53', '2024-06-29 13:42:53', '1'),
(14, '9c3e48fa-188f-44d6-88a6-8cdcc411fbad', 0.00, '2024-06-29 13:42:58', '2024-06-29 13:42:58', '2024-06-29 13:42:58', '1'),
(15, '9c423467-c0bf-44ea-ad37-f015e1315909', 0.00, '2024-06-29 13:43:02', '2024-06-29 13:43:02', '2024-06-29 13:43:02', '1'),
(16, '9c464c9e-4856-4d9d-97ac-a175516fee76', 0.00, '2024-06-29 13:43:07', '2024-06-29 13:43:07', '2024-06-29 13:43:07', '1'),
(17, '9c66a037-1f31-443e-8b55-57ecdfda4146', 0.00, '2024-06-29 14:48:24', '2024-06-29 14:48:24', '2024-06-29 14:48:24', '1'),
(18, '9c669913-14b7-41a5-8d72-dc429a834e4a', 0.00, '2024-06-29 14:48:33', '2024-06-29 14:48:33', '2024-06-29 14:48:33', '1'),
(19, '9c669392-84fc-40ab-8661-9c833e7c8283', 0.00, '2024-06-29 14:48:46', '2024-06-29 14:48:46', '2024-06-29 14:48:46', '1'),
(20, '9c87183e-8eb1-43d0-a2e8-c2678bbb5789', 0.00, '2024-07-16 12:58:23', '2024-07-16 12:58:23', '2024-07-16 12:58:23', '1'),
(21, '9c74fc22-2349-49d6-a2ef-fa1f708ff8fe', 0.00, '2024-07-17 17:32:53', '2024-07-17 17:32:53', '2024-07-17 17:32:53', '1'),
(22, '9c74fc7f-2c1d-4370-be0a-b3f443ee3037', 0.00, '2024-07-17 17:33:05', '2024-07-17 17:33:05', '2024-07-17 17:33:05', '1'),
(23, '9c74fd5f-db6b-4cca-b88c-3eed293e41c0', 0.00, '2024-07-17 18:21:00', '2024-07-17 18:21:00', '2024-07-17 18:21:00', '1'),
(24, '9c75006e-5311-4870-99eb-cf57e29eb3d7', 0.00, '2024-07-17 18:21:10', '2024-07-17 18:21:10', '2024-07-17 18:21:10', '1'),
(25, '9c82c8e7-d58c-4495-8e57-ceb03ee4dedc', 0.00, '2024-07-18 13:00:15', '2024-07-18 13:00:15', '2024-07-18 13:00:15', '1'),
(26, '9c8cba8d-02c7-4552-b959-d33a74d1ab2d', 0.00, '2024-07-18 13:00:29', '2024-07-18 13:00:29', '2024-07-18 13:00:29', '1'),
(27, '9c8cb3b4-7793-40ba-b622-e30785b69c36', 0.00, '2024-07-22 16:58:45', '2024-07-22 16:58:45', '2024-07-22 16:58:45', '1'),
(28, '9c8d17ad-a8d0-43a7-96f5-1fe2cd769b62', 0.00, '2024-07-22 17:09:33', '2024-07-22 17:09:33', '2024-07-22 17:09:33', '1'),
(29, '9c9f7aff-4c7d-42d2-942a-613ced2dcc97', 10.00, '2024-07-27 08:13:10', '2024-07-27 08:13:10', '2024-07-27 08:13:10', '1');

-- --------------------------------------------------------

--
-- Table structure for table `courses`
--

DROP TABLE IF EXISTS `courses`;
CREATE TABLE IF NOT EXISTS `courses` (
  `id` int NOT NULL AUTO_INCREMENT,
  `name` varchar(150) NOT NULL,
  PRIMARY KEY (`id`)
) ENGINE=MyISAM AUTO_INCREMENT=7 DEFAULT CHARSET=utf8mb4 COLLATE=utf8mb4_0900_ai_ci;

--
-- Dumping data for table `courses`
--

INSERT INTO `courses` (`id`, `name`) VALUES
(1, 'HSE'),
(2, 'DEGREE'),
(5, 'PG'),
(6, 'PROFESSIONAL');

-- --------------------------------------------------------

--
-- Table structure for table `fee_payments`
--

DROP TABLE IF EXISTS `fee_payments`;
CREATE TABLE IF NOT EXISTS `fee_payments` (
  `id` bigint UNSIGNED NOT NULL AUTO_INCREMENT,
  `student_id` varchar(191) COLLATE utf8mb4_unicode_ci NOT NULL,
  `grade` varchar(191) COLLATE utf8mb4_unicode_ci NOT NULL,
  `fee_amount` decimal(8,2) NOT NULL,
  `term` int NOT NULL,
  `date` date NOT NULL,
  `receipt_number` varchar(191) COLLATE utf8mb4_unicode_ci NOT NULL,
  `created_by` bigint UNSIGNED NOT NULL,
  `deleted_by` bigint UNSIGNED DEFAULT NULL,
  `created_at` timestamp NULL DEFAULT NULL,
  `updated_at` timestamp NULL DEFAULT NULL,
  `deleted_at` timestamp NULL DEFAULT NULL,
  PRIMARY KEY (`id`),
  KEY `fee_payments_student_id_foreign` (`student_id`),
  KEY `fee_payments_created_by_foreign` (`created_by`),
  KEY `fee_payments_deleted_by_foreign` (`deleted_by`)
) ENGINE=MyISAM AUTO_INCREMENT=28 DEFAULT CHARSET=utf8mb4 COLLATE=utf8mb4_unicode_ci;

--
-- Dumping data for table `fee_payments`
--

INSERT INTO `fee_payments` (`id`, `student_id`, `grade`, `fee_amount`, `term`, `date`, `receipt_number`, `created_by`, `deleted_by`, `created_at`, `updated_at`, `deleted_at`) VALUES
(24, 'dbcc729c-3b4c-4755-8149-931a7a3d9a6b', '+1', 5000.00, 1, '2024-09-13', '2134', 1, NULL, '2024-09-14 04:29:41', '2024-09-14 04:29:41', NULL),
(25, '9542b25e-cc46-4f12-98ba-2896765b02b0', '6th sem', 3000.00, 1, '2024-09-14', '2343', 1, NULL, '2024-09-14 05:09:11', '2024-09-14 05:09:11', NULL),
(26, '588a40f5-9c72-4cb3-911d-6347b66d690e', '2nd sem', 5000.00, 1, '2024-09-14', '1234', 1, NULL, '2024-09-14 05:16:11', '2024-09-14 05:16:11', NULL),
(27, '50db449e-edba-4dbc-9192-3343eb5869c1', '+1', 5000.00, 1, '2024-09-14', '1223', 1, NULL, '2024-09-14 05:26:53', '2024-09-14 05:26:53', NULL);

-- --------------------------------------------------------

--
-- Table structure for table `hole_bookings`
--

DROP TABLE IF EXISTS `hole_bookings`;
CREATE TABLE IF NOT EXISTS `hole_bookings` (
  `id` varchar(200) CHARACTER SET utf8mb4 COLLATE utf8mb4_unicode_ci NOT NULL,
  `name` varchar(191) CHARACTER SET utf8mb4 COLLATE utf8mb4_unicode_ci NOT NULL,
  `mobile_1` varchar(191) CHARACTER SET utf8mb4 COLLATE utf8mb4_unicode_ci NOT NULL,
  `mobile_2` varchar(191) CHARACTER SET utf8mb4 COLLATE utf8mb4_unicode_ci DEFAULT NULL,
  `address_line_1` longtext CHARACTER SET utf8mb4 COLLATE utf8mb4_unicode_ci,
  `address_line_2` longtext CHARACTER SET utf8mb4 COLLATE utf8mb4_unicode_ci,
  `total_amount` double(15,2) DEFAULT NULL,
  `elactric_charges` varchar(191) CHARACTER SET utf8mb4 COLLATE utf8mb4_unicode_ci DEFAULT NULL,
  `comment` varchar(191) CHARACTER SET utf8mb4 COLLATE utf8mb4_unicode_ci DEFAULT NULL,
  `event_type` varchar(50) CHARACTER SET utf8mb4 COLLATE utf8mb4_unicode_ci NOT NULL,
  `created_at` timestamp NULL DEFAULT NULL,
  `updated_at` timestamp NULL DEFAULT NULL,
  `deleted_at` timestamp NULL DEFAULT NULL,
  `discount` int DEFAULT NULL,
  `discount_by` varchar(80) CHARACTER SET utf8mb4 COLLATE utf8mb4_unicode_ci DEFAULT NULL,
  PRIMARY KEY (`id`)
) ENGINE=MyISAM DEFAULT CHARSET=utf8mb4 COLLATE=utf8mb4_unicode_ci;

--
-- Dumping data for table `hole_bookings`
--

INSERT INTO `hole_bookings` (`id`, `name`, `mobile_1`, `mobile_2`, `address_line_1`, `address_line_2`, `total_amount`, `elactric_charges`, `comment`, `event_type`, `created_at`, `updated_at`, `deleted_at`, `discount`, `discount_by`) VALUES
('9c2ffd1a-3b11-419e-a8a6-36f242f58321', 'shamju', '07736566114', NULL, '12/108 A4,pallamline', NULL, 5000.00, NULL, NULL, 'engagement', '2024-06-01 22:03:57', '2024-06-11 12:17:21', '2024-06-11 12:17:21', 1000, 'cccc'),
('9c2ffcbc-5b95-46d7-a147-7d92466e5aec', 'shamju', '07736566114', NULL, '12/108 A4,pallamline', NULL, 20000.00, NULL, NULL, 'marriage', '2024-06-01 22:02:55', '2024-06-01 22:50:45', '2024-06-01 22:50:45', 3000, 'cccc'),
('9c3e457d-4fbb-48e8-a583-8ba523bcb4d4', 'Salman', '8923787283', NULL, 'LINE 1', NULL, 15000.00, NULL, NULL, 'marriage', '2024-06-09 12:57:57', '2024-06-09 13:00:33', '2024-06-09 13:00:33', NULL, NULL),
('9c3e48fa-188f-44d6-88a6-8cdcc411fbad', 'Asif', '980293892', NULL, 'ssdsdsd', NULL, 15000.00, NULL, NULL, 'marriage', '2024-06-09 13:07:42', '2024-06-29 13:42:58', '2024-06-29 13:42:58', NULL, NULL),
('9c402745-bc66-4d37-ad7f-f2c57dccef90', 'Waajid Aslam', '23232323', NULL, NULL, NULL, 15000.00, NULL, NULL, 'marriage', '2024-06-10 11:25:07', '2024-06-10 11:26:19', '2024-06-10 11:26:19', 2000, 'Secretary'),
('9c408dcd-e08a-42ba-a3f1-96e82b59e934', 'adam', '645356535', NULL, NULL, NULL, 10000.00, NULL, NULL, 'wedding', '2024-06-10 16:11:49', '2024-06-10 16:13:03', '2024-06-10 16:13:03', 2000, 'manager'),
('9c423467-c0bf-44ea-ad37-f015e1315909', 'abc', '9895546561', NULL, NULL, NULL, 33000.00, NULL, NULL, 'meh/wed/rec', '2024-06-11 11:53:29', '2024-06-29 13:43:02', '2024-06-29 13:43:02', 1000, 'pres'),
('9c4236fc-df3c-4622-bd5f-c07150a537cd', 'SHAHUL', '9895546454', NULL, NULL, NULL, 23000.00, NULL, NULL, 'MEH/WED', '2024-06-11 12:00:43', '2024-06-29 13:42:27', '2024-06-29 13:42:27', 1000, 'PRES'),
('9c423c91-e1e3-49b9-9958-f12385ec444d', 'FASFDSFSD', 'DFSDSDF', NULL, NULL, NULL, 23000.00, NULL, NULL, 'marriage, MEHANDI, VALIMA', '2024-06-11 12:16:19', '2024-06-29 13:42:48', '2024-06-29 13:42:48', 1000, 'PRES'),
('9c464c9e-4856-4d9d-97ac-a175516fee76', 'abc', '9988909988', NULL, NULL, NULL, 23000.00, NULL, NULL, 'meh/nikah', '2024-06-13 12:44:30', '2024-06-29 13:43:07', '2024-06-29 13:43:07', NULL, 'pres'),
('9c484091-a37b-4d3a-a373-ca43b9d9b5d0', 'najeeb', '8574385738457', NULL, NULL, NULL, 23000.00, NULL, NULL, 'marriage', '2024-06-14 12:02:28', '2024-06-14 12:03:25', '2024-06-14 12:03:25', NULL, NULL),
('9c48420d-10f2-4130-bc69-7d9d7f7acf39', 'samad', '9999999', NULL, NULL, NULL, 23000.00, NULL, NULL, 'marriage', '2024-06-14 12:06:37', '2024-06-29 13:42:33', '2024-06-29 13:42:33', NULL, NULL),
('9c4a6cd0-6d8b-4898-b24a-ffc7cb5bced9', 'fgdfg', 'gggsdg', NULL, NULL, NULL, 2323.00, NULL, NULL, 'gdgdg', '2024-06-15 13:57:51', '2024-06-29 13:42:42', '2024-06-29 13:42:42', NULL, NULL),
('9c583c48-7bf1-4c02-926f-269987c86c8f', 'shamju ps', '7777777', NULL, NULL, NULL, 20000.00, NULL, NULL, 'marriage', '2024-06-22 10:43:44', '2024-06-29 13:42:22', '2024-06-29 13:42:22', 3000, 'test'),
('9c64f7e5-eb59-4e25-b27f-a59180212b09', 'ELIYAS', '9048395887', NULL, NULL, NULL, 23000.00, NULL, NULL, 'MEH/WED', '2024-06-28 18:38:17', '2024-06-29 13:42:53', '2024-06-29 13:42:53', NULL, NULL),
('9c669392-84fc-40ab-8661-9c833e7c8283', 'ASHRAF', '9846050404', NULL, NULL, NULL, 22000.00, NULL, NULL, 'MEH/WED', '2024-06-29 13:49:24', '2024-06-29 14:48:46', '2024-06-29 14:48:46', NULL, NULL),
('9c669913-14b7-41a5-8d72-dc429a834e4a', 'JAWAHAR SAIT', '0', NULL, NULL, NULL, 2000.00, NULL, NULL, 'MAJLIS', '2024-06-29 14:04:47', '2024-06-29 14:48:33', '2024-06-29 14:48:33', NULL, NULL),
('9c66a037-1f31-443e-8b55-57ecdfda4146', 'ZAFAR SAIT', '0', NULL, NULL, NULL, 0.00, NULL, NULL, 'PEETI', '2024-06-29 14:24:45', '2024-06-29 14:48:24', '2024-06-29 14:48:24', NULL, NULL),
('9c72f5f9-e78f-42e2-8dc1-7cc8359fa989', 'JOOSADDAH', '11', NULL, NULL, NULL, 4000.00, NULL, NULL, 'SATHADA', '2024-07-05 17:34:30', '2024-07-16 13:34:23', NULL, NULL, NULL),
('9c72fc16-b77c-461d-9f5c-7c8de07671aa', 'VOICE OF KOCHI', '1', NULL, NULL, NULL, 2000.00, NULL, NULL, 'MEETING', '2024-07-05 17:51:35', '2024-07-17 17:31:49', NULL, NULL, NULL),
('9c72fca5-dd63-4f84-a7f9-78083c962fa6', 'KRIPA THANAL', '1', NULL, NULL, NULL, 2000.00, NULL, NULL, 'MEETING', '2024-07-05 17:53:09', '2024-07-15 17:48:15', NULL, NULL, NULL),
('9c72fdbf-fdc2-4ff9-ac94-dc3ebb067239', 'AL FITHRA SCHOOL', '1', NULL, NULL, NULL, 2500.00, NULL, NULL, 'MEETING', '2024-07-05 17:56:14', '2024-07-15 18:02:54', NULL, NULL, NULL),
('9c74fb49-06aa-43fd-9604-890678ccc3fa', 'NAUSHAD', '9947662695', NULL, NULL, NULL, 12000.00, NULL, NULL, 'RECEPTION', '2024-07-06 17:41:00', '2024-07-15 18:17:23', NULL, 1000, 'RAASHID SEC.'),
('9c74fc22-2349-49d6-a2ef-fa1f708ff8fe', 'ASHRAF', '9846050404', NULL, NULL, NULL, 12000.00, NULL, NULL, 'E', '2024-07-06 17:43:22', '2024-07-17 17:32:53', '2024-07-17 17:32:53', NULL, NULL),
('9c74fc7f-2c1d-4370-be0a-b3f443ee3037', 'ASHRAF', '1', NULL, NULL, NULL, 1.00, NULL, NULL, 'E', '2024-07-06 17:44:23', '2024-07-17 17:33:05', '2024-07-17 17:33:05', NULL, NULL),
('9c74fce9-8394-42ca-b933-de2a9d092d36', 'ASHRAF COUNCILLOR', '1', NULL, NULL, NULL, 2000.00, NULL, NULL, 'MEETING', '2024-07-06 17:45:33', '2024-07-17 18:17:41', NULL, NULL, NULL),
('9c74fd5f-db6b-4cca-b88c-3eed293e41c0', 'NASSAR', '1', NULL, NULL, NULL, 1.00, NULL, NULL, 'E', '2024-07-06 17:46:50', '2024-07-17 18:21:00', '2024-07-17 18:21:00', NULL, NULL),
('9c74ffc9-9c30-46e0-bc94-04b1f30e3161', 'KUNJUMOHAMMED', '9847474891', NULL, NULL, NULL, 12000.00, NULL, NULL, 'HOUSE WARMING', '2024-07-06 17:53:35', '2024-07-17 18:19:55', NULL, NULL, NULL),
('9c75006e-5311-4870-99eb-cf57e29eb3d7', 'NASSAR', '9895950302', NULL, NULL, NULL, 12000.00, NULL, NULL, 'WEDDING RECEPTION', '2024-07-06 17:55:23', '2024-07-17 18:21:10', '2024-07-17 18:21:10', NULL, NULL),
('9c75012e-e69c-4c5a-ac2d-d54fc8a9953d', 'JAWAHAR', '1', NULL, NULL, NULL, 2000.00, NULL, NULL, 'MAJLIS', '2024-07-06 17:57:29', '2024-07-23 17:30:27', NULL, NULL, NULL),
('9c7505b0-bdd1-491d-a375-40bbdf2a6d66', 'NAJEEB', '9895220484', NULL, NULL, NULL, 6000.00, NULL, NULL, 'MYLANCHI', '2024-07-06 18:10:05', '2024-07-06 18:10:05', NULL, NULL, NULL),
('9c750630-abcd-47cd-844c-a7ab4c72ba82', 'ZAFAR SAIT', '1', NULL, NULL, NULL, 1.00, NULL, NULL, 'PEETTI', '2024-07-06 18:11:29', '2024-07-06 18:11:29', NULL, NULL, NULL),
('9c7506ac-b0a0-4abb-9d45-d1ebd40df312', 'SALIM', '1', NULL, NULL, NULL, 2500.00, NULL, NULL, 'RAFI NIGHT', '2024-07-06 18:12:50', '2024-07-26 17:47:08', NULL, NULL, NULL),
('9c75070e-f935-4dba-9b60-3f018f3763b4', 'ANSAR', '1', NULL, NULL, NULL, 1.00, NULL, NULL, 'SAYAHNAKOOTAM', '2024-07-06 18:13:55', '2024-07-06 18:13:55', NULL, NULL, NULL),
('9c7c8e92-86e7-4837-baa8-4b6f8c6bb1f2', 'SALIM', '9388410938', NULL, NULL, NULL, 1.00, NULL, NULL, 'e', '2024-07-10 12:03:38', '2024-07-10 12:03:38', NULL, NULL, NULL),
('9c7c8fb1-d051-4ac3-9952-35c0c4483fe3', 'SHERIFKA', '1', NULL, NULL, NULL, 1.00, NULL, NULL, 'MEETING', '2024-07-10 12:06:46', '2024-07-10 12:06:46', NULL, NULL, NULL),
('9c7c9291-8582-4051-8243-2df68190462e', 'BABITHA', '8784027688', NULL, NULL, NULL, 1.00, NULL, NULL, 'MEH/WED', '2024-07-10 12:14:48', '2024-07-10 12:14:48', NULL, NULL, NULL),
('9c7c9354-8864-48ff-92be-1695100e9d62', 'SIRAJ', '9895832866', NULL, NULL, NULL, 13000.00, NULL, NULL, 'RECEPTION', '2024-07-10 12:16:56', '2024-07-10 12:16:56', NULL, NULL, NULL),
('9c7cc2b2-e9e8-4d78-85d1-e93304061d98', 'SAINUDHEEN', '8281780946/9539904060', NULL, NULL, NULL, 22000.00, NULL, NULL, 'NIKAH AND RECEPTION', '2024-07-10 14:29:23', '2024-07-10 14:29:23', NULL, NULL, NULL),
('9c7ea350-6a26-42fc-8d3c-a8565f381a06', 'SUNEER', '1', NULL, NULL, NULL, 30000.00, NULL, 'IF A/C NEEDED EXTRA 7000', 'MEH/WED/REC', '2024-07-11 12:53:17', '2024-07-11 12:53:17', NULL, NULL, NULL),
('9c7ea5dc-05b2-49ef-baaa-771dab58f600', 'ANITA', '1', NULL, NULL, NULL, 22000.00, NULL, NULL, 'MEH/WED', '2024-07-11 13:00:24', '2024-07-11 13:00:24', NULL, NULL, NULL),
('9c7ea92e-ca4c-43ed-ace6-e2d3cb91ba42', 'SHEMI', '1', NULL, NULL, NULL, 5000.00, NULL, NULL, 'PEETI', '2024-07-11 13:09:42', '2024-07-11 13:09:42', NULL, NULL, NULL),
('9c7eb3b9-e6cd-4bcf-8fa3-906a70620814', 'JABAR IYS', '1', NULL, NULL, NULL, 28000.00, NULL, NULL, 'PEETI/MYL/NIKAH', '2024-07-11 13:39:11', '2024-07-11 13:39:11', NULL, NULL, NULL),
('9c7f06c2-cac0-4e00-ab3c-1194c7b3866b', 'ANEESHA SAFAR', '1', NULL, NULL, NULL, 23000.00, NULL, NULL, 'MYL/WED/REC', '2024-07-11 17:31:22', '2024-07-11 17:31:22', NULL, NULL, NULL),
('9c7f0847-d346-44b3-bb7e-c810c5a86e12', 'RUKSANA ABBAS (PLS CHECK AM OR PM', '1', NULL, NULL, NULL, 13000.00, NULL, NULL, 'RECEPTION', '2024-07-11 17:35:37', '2024-07-11 17:35:37', NULL, NULL, NULL),
('9c7f1186-ecb3-4941-b1c9-dd9f11984c7f', 'THAFSEER', '1', NULL, NULL, NULL, 12000.00, NULL, NULL, 'RECEPTION', '2024-07-11 18:01:28', '2024-07-11 18:01:28', NULL, NULL, NULL),
('9c82b1e1-3d69-450e-99a6-7b0f9fac17d7', 'THAHA', '1', NULL, NULL, NULL, 23000.00, NULL, NULL, 'MYL/REC', '2024-07-13 13:17:20', '2024-07-13 13:17:20', NULL, NULL, NULL),
('9c82b4c3-0b87-467a-8f17-6730586ade93', 'DAWOOD P', '1', NULL, NULL, NULL, 15000.00, NULL, NULL, 'NIKAH', '2024-07-13 13:25:23', '2024-07-13 13:25:23', NULL, NULL, NULL),
('9c82b5eb-cb37-45cd-b402-22722bc3c076', 'SAINUDHEEN', '1', NULL, NULL, NULL, 13000.00, NULL, NULL, 'WEDDING RECEPTION', '2024-07-13 13:28:38', '2024-07-13 13:28:38', NULL, NULL, NULL),
('9c82c2fe-cb15-4123-8312-666ef54810cd', 'ABDUL SATHAR AYUB', '1', NULL, NULL, NULL, 8000.00, NULL, NULL, 'PEETI', '2024-07-13 14:05:11', '2024-07-13 14:05:11', NULL, NULL, NULL),
('9c82c5b8-b6a9-4089-b9c5-3a771fc2dbb0', 'AMEER ALI', '1', NULL, NULL, NULL, 12000.00, NULL, NULL, 'MYLANCHI', '2024-07-13 14:12:48', '2024-07-13 14:12:48', NULL, NULL, NULL),
('9c82c8e7-d58c-4495-8e57-ceb03ee4dedc', 'HANEEF', '9846433367', NULL, NULL, NULL, 10000.00, NULL, NULL, 'MYLANCHI', '2024-07-13 14:21:43', '2024-07-18 13:00:15', '2024-07-18 13:00:15', NULL, NULL),
('9c82c9b0-f265-40a4-a3c4-573bf08f3d05', 'THOYIB', '1', NULL, NULL, NULL, 13000.00, NULL, NULL, 'WEDDING RECEPTION', '2024-07-13 14:23:54', '2024-07-13 14:23:54', NULL, NULL, NULL),
('9c86b15d-1c38-427f-85ae-f009f0eb8f74', 'SAIFUDHEEN', '1', NULL, NULL, NULL, 23000.00, NULL, NULL, 'MYL/NIKAH', '2024-07-15 12:59:12', '2024-07-15 12:59:12', NULL, NULL, NULL),
('9c86b414-4143-47c3-a818-153027ab64f2', 'SHAHUL', '1', NULL, NULL, NULL, 23000.00, NULL, NULL, 'MYL/NKH', '2024-07-15 13:06:47', '2024-07-15 13:06:47', NULL, NULL, NULL),
('9c86c2db-6fdf-4ae1-abed-467d5677aa13', 'NAUFAL', '7736216151', NULL, NULL, NULL, 23000.00, NULL, NULL, 'MYL/NKH', '2024-07-15 13:48:07', '2024-07-15 13:48:07', NULL, NULL, NULL),
('9c86c543-7f3b-4ab1-84c6-271699cb698f', 'ELIAS', '9048395887', NULL, NULL, NULL, 23000.00, NULL, NULL, 'MYL/WED', '2024-07-15 13:54:50', '2024-07-15 13:54:50', NULL, NULL, NULL),
('9c86c63b-b194-46a8-9e98-82446f65dec5', 'RAFIQ', '9995009418', NULL, NULL, NULL, 1.00, NULL, NULL, 'ENGAGEMENT', '2024-07-15 13:57:33', '2024-07-15 13:57:33', NULL, NULL, NULL),
('9c86c795-0b7a-4385-886d-8c81357f0c75', 'SUBAIR', '1', NULL, NULL, NULL, 23000.00, NULL, NULL, 'MYL/NKH', '2024-07-15 14:01:19', '2024-07-15 14:01:19', NULL, NULL, NULL),
('9c86c974-cbee-461e-b83d-fd5b826e8d4f', 'RAJU', '9747721254', NULL, NULL, NULL, 12000.00, NULL, NULL, 'WED EVE', '2024-07-15 14:06:34', '2024-07-15 14:06:34', NULL, NULL, NULL),
('9c8713a6-2236-4ad3-b3a4-89414ceacbe3', 'ARSHAD', '1', NULL, NULL, NULL, 23000.00, NULL, NULL, 'MYL/NIKAH', '2024-07-15 17:34:01', '2024-07-15 17:34:01', NULL, NULL, NULL),
('9c8715d5-a060-423f-8499-430abe41f64d', 'YAHIYA', '8304009073', NULL, NULL, NULL, 12000.00, NULL, NULL, 'NIKAH', '2024-07-15 17:40:08', '2024-07-15 17:40:08', NULL, NULL, NULL),
('9c87183e-8eb1-43d0-a2e8-c2678bbb5789', 'ABDUL GAFOOR', '1', NULL, NULL, NULL, 20000.00, NULL, NULL, 'MYLANCHI/RECEPTION', '2024-07-15 17:46:52', '2024-07-16 12:58:23', '2024-07-16 12:58:23', NULL, NULL),
('9c88b879-b799-4608-a838-b6b49a676fa1', 'ABDUL GAFOOR', '9747848266', NULL, NULL, NULL, 20000.00, NULL, NULL, 'MYL/REC', '2024-07-16 13:10:44', '2024-07-16 13:10:44', NULL, NULL, NULL),
('9c88bb91-ec1f-4f9e-9821-391a43c15b20', 'SHAKEER', '8589973354', NULL, NULL, NULL, 7000.00, NULL, NULL, 'MYLANCHI', '2024-07-16 13:19:23', '2024-07-16 13:19:23', NULL, NULL, NULL),
('9c8b17f6-f69c-4b83-ba84-b52ccbbfe4c3', 'LAILA SAINUDHEEN', '9387170493', NULL, NULL, NULL, 1.00, NULL, NULL, 'MEH/WED', '2024-07-17 17:29:24', '2024-07-17 17:29:24', NULL, NULL, NULL),
('9c8b2705-1710-40be-ada8-edce20981b17', 'ASHRAF', '9846050404', NULL, NULL, NULL, 12000.00, NULL, NULL, 'MYLANCHI', '2024-07-17 18:11:30', '2024-07-17 18:11:30', NULL, 2000, NULL),
('9c8b2897-1c56-421d-be24-f06c56b5ff0e', 'NAJEEB', '1', NULL, NULL, NULL, 10000.00, NULL, NULL, 'MEETING & KAROKE', '2024-07-17 18:15:53', '2024-07-17 18:15:53', NULL, NULL, NULL),
('9c8b2b98-a1fa-421a-b507-62f574c3bffe', 'NASSAR', '9895950302', NULL, NULL, NULL, 20000.00, NULL, NULL, 'MEH/REC', '2024-07-17 18:24:18', '2024-07-17 18:24:18', NULL, NULL, NULL),
('9c8cab64-a5fa-4459-aa89-f1021ebe0975', 'HARRIS ABU (SALEEM SHAKOOR)', '1', NULL, NULL, NULL, 2500.00, NULL, NULL, 'PAREEKUTTY ANUSMARANAM', '2024-07-18 12:17:28', '2024-07-24 11:52:21', NULL, NULL, NULL),
('9c8cabc1-9aed-4263-841a-523dd7d613ce', 'SALIM SHAKOOR', '1', NULL, NULL, NULL, 1.00, NULL, NULL, 'MEETING', '2024-07-18 12:18:29', '2024-07-18 12:18:29', NULL, NULL, NULL),
('9c8cac66-0284-41c7-9e6d-85c2a8c0a717', 'CMJ', '1', NULL, NULL, NULL, 1.00, NULL, NULL, 'MEETING', '2024-07-18 12:20:17', '2024-07-18 12:20:17', NULL, NULL, NULL),
('9c8cad0b-6e0d-4c12-ab38-7773d5148b6f', 'BABU', '1', NULL, NULL, NULL, 1.00, NULL, NULL, 'PEETTI', '2024-07-18 12:22:05', '2024-07-18 12:22:05', NULL, NULL, NULL),
('9c8cad63-efad-48fd-a72c-412b6f640d18', 'CMJ AGM', '1', NULL, NULL, NULL, 1.00, NULL, NULL, 'MEETING', '2024-07-18 12:23:03', '2024-07-18 12:23:03', NULL, NULL, NULL),
('9c8cadc9-a34f-4d27-bdbe-1b4d53600f04', 'BABU', '1', NULL, NULL, NULL, 1.00, NULL, NULL, 'MYLANCHI', '2024-07-18 12:24:10', '2024-07-18 12:24:10', NULL, NULL, NULL),
('9c8cae44-c765-4bd3-b9d3-d40c7f617e39', 'ABDUL JAMAL', '1', NULL, NULL, NULL, 1.00, NULL, NULL, 'MYLANCHI', '2024-07-18 12:25:30', '2024-07-18 12:25:30', NULL, NULL, NULL),
('9c8caec8-1b28-4100-856f-07cf98655712', 'NOORMOHAMMED', '1', NULL, NULL, NULL, 1.00, NULL, NULL, 'E', '2024-07-18 12:26:57', '2024-07-18 12:26:57', NULL, NULL, NULL),
('9c8cb1df-ea66-471d-8fdb-37452123ef6b', 'SUNITHA SAMEER', '1', NULL, NULL, NULL, 1.00, NULL, NULL, 'E', '2024-07-18 12:35:35', '2024-07-18 12:35:35', NULL, NULL, NULL),
('9c8cb2d7-4ce4-49fd-a0b1-9f6cb7a1e566', 'RAMLA', '9847283620', NULL, NULL, NULL, 1.00, NULL, NULL, 'MYL/WED', '2024-07-18 12:38:18', '2024-07-18 12:38:18', NULL, NULL, NULL),
('9c8cb3b4-7793-40ba-b622-e30785b69c36', 'SAINUDHDEEN', '9539904060', NULL, NULL, NULL, 1.00, NULL, NULL, 'E', '2024-07-18 12:40:43', '2024-07-22 16:58:45', '2024-07-22 16:58:45', NULL, NULL),
('9c8cb601-a4f9-475d-ab40-98966c6c4b1b', 'YOUNUS', '7012699577', NULL, NULL, NULL, 12000.00, NULL, NULL, 'ENGAGEMENT', '2024-07-18 12:47:09', '2024-07-18 12:47:09', NULL, NULL, NULL),
('9c8cb6df-0091-48ef-8d51-539687cf97be', 'MANSOOR', '9633053126', NULL, NULL, NULL, 12000.00, NULL, NULL, 'RECEPTION', '2024-07-18 12:49:34', '2024-07-18 12:49:34', NULL, NULL, NULL),
('9c8cba1c-1243-415c-8f4a-2e8e0c4d6f4f', 'ANSAR', '1', NULL, NULL, NULL, 1.00, NULL, NULL, 'SAYAHANAKOOTAM', '2024-07-18 12:58:37', '2024-07-18 12:58:37', NULL, NULL, NULL),
('9c8cba8d-02c7-4552-b959-d33a74d1ab2d', 'HANEEF', '1', NULL, NULL, NULL, 1.00, NULL, NULL, 'E', '2024-07-18 12:59:51', '2024-07-18 13:00:29', '2024-07-18 13:00:29', NULL, NULL),
('9c8cbb91-e1ae-4a47-a455-ddd02420a84a', 'HANEEF', '1', NULL, NULL, NULL, 1.00, NULL, NULL, 'MYL/WED', '2024-07-18 13:02:42', '2024-07-18 13:02:42', NULL, NULL, NULL),
('9c8d157d-5acd-4dc6-8c6d-1c09f00e1bdf', 'NOORMOHAMMED', '1', NULL, NULL, NULL, 1.00, NULL, NULL, 'e', '2024-07-18 17:14:08', '2024-07-18 17:14:08', NULL, NULL, NULL),
('9c8d1604-841c-4cdc-a04c-f63afafc5cbc', 'RAFEEQ USMAN', '1', NULL, NULL, NULL, 1.00, NULL, NULL, 'E', '2024-07-18 17:15:37', '2024-07-18 17:15:37', NULL, NULL, NULL),
('9c8d1734-704d-44c6-a560-11b6ff8cfe1b', 'AZEEZ ESSACK', '1', NULL, NULL, NULL, 1.00, NULL, NULL, 'E', '2024-07-18 17:18:56', '2024-07-18 17:18:56', NULL, NULL, NULL),
('9c8d17ad-a8d0-43a7-96f5-1fe2cd769b62', 'RAHIM', '1', NULL, NULL, NULL, 1.00, NULL, NULL, 'E', '2024-07-18 17:20:15', '2024-07-22 17:09:33', '2024-07-22 17:09:33', NULL, NULL),
('9c8d187f-4f1c-4613-9ff6-8fe779db8696', 'RAHIM', '9947317615', NULL, NULL, NULL, 23000.00, NULL, NULL, 'MYL/REC', '2024-07-18 17:22:33', '2024-07-18 17:22:33', NULL, NULL, NULL),
('9c8d1917-75f1-4366-8f4d-1ed56bf01356', 'ZAKARIA SAIT ANUSMARANAM', '1', NULL, NULL, NULL, 1.00, NULL, NULL, 'ANUSMARANA YOGAM', '2024-07-18 17:24:12', '2024-07-18 17:24:12', NULL, NULL, NULL),
('9c8d19c0-299b-4230-9475-775014424057', 'SUDHEER', '9747132634', NULL, NULL, NULL, 12000.00, NULL, NULL, 'RECEPTION', '2024-07-18 17:26:03', '2024-07-18 17:26:03', NULL, NULL, NULL),
('9c94c894-e52d-4034-9bbb-cf58f413c4e8', 'CONGRESS', '1', NULL, NULL, NULL, 1000.00, NULL, NULL, 'MEETING', '2024-07-22 13:05:42', '2024-07-22 13:05:42', NULL, NULL, NULL),
('9c952459-1077-45a3-8f7c-fbe5161d9c85', 'YOUSUF', '8129101100', NULL, NULL, NULL, 1.00, NULL, NULL, 'MYL/NIKAH/REC', '2024-07-22 17:22:18', '2024-07-22 17:22:18', NULL, NULL, NULL),
('9c952612-1cbc-4622-b213-ff219c046f80', 'COCHIN CORPORATION', '9895591415', NULL, NULL, NULL, 1.00, NULL, NULL, 'MEETING', '2024-07-22 17:27:07', '2024-07-22 17:27:07', NULL, NULL, NULL),
('9c9526c0-7e19-46e7-8d00-6fd07312d42d', 'AKBAR SHAMEER', '9605481763', NULL, NULL, NULL, 0.00, NULL, NULL, 'MEH/WED', '2024-07-22 17:29:02', '2024-07-22 17:29:02', NULL, NULL, NULL),
('9c9527c8-2ce8-4d01-a69c-8a81ba1f1b16', 'SHIFAS', '8891706401', NULL, NULL, NULL, 1.00, NULL, NULL, 'MEH/WED', '2024-07-22 17:31:54', '2024-07-22 17:31:54', NULL, NULL, NULL),
('9c9536c6-b129-458b-8838-5c5d37968903', 'SABU', '9633267222', NULL, NULL, NULL, 1.00, NULL, NULL, 'MEH/WED', '2024-07-22 18:13:50', '2024-07-22 18:13:50', NULL, NULL, NULL),
('9c9d3a38-7004-44ad-b474-fbcbd30c7996', 'SALEEM SHAKOOR', '1', NULL, NULL, NULL, 2500.00, NULL, NULL, 'SINGERS MEET', '2024-07-26 17:50:05', '2024-07-26 17:50:05', NULL, NULL, NULL),
('9c9d4097-519d-4b22-b843-e58f88d9fec1', 'NAZIM', '1', NULL, NULL, NULL, 12000.00, NULL, NULL, 'WED REC', '2024-07-26 18:07:54', '2024-07-26 18:07:54', NULL, NULL, NULL),
('9c9f7aff-4c7d-42d2-942a-613ced2dcc97', 'Abdul Wahid', '07736566114', '07736566114', 'Mattancherry', '12/108a4', 23333.00, NULL, NULL, 'marriage', '2024-07-27 08:12:52', '2024-07-27 08:13:10', '2024-07-27 08:13:10', 2, '232323');

-- --------------------------------------------------------

--
-- Table structure for table `logs`
--

DROP TABLE IF EXISTS `logs`;
CREATE TABLE IF NOT EXISTS `logs` (
  `id` bigint NOT NULL AUTO_INCREMENT,
  `level` varchar(255) NOT NULL,
  `message` text NOT NULL,
  `context` varchar(255) NOT NULL,
  `created_at` timestamp NULL DEFAULT CURRENT_TIMESTAMP,
  `updated_at` timestamp NULL DEFAULT CURRENT_TIMESTAMP ON UPDATE CURRENT_TIMESTAMP,
  PRIMARY KEY (`id`)
) ENGINE=InnoDB AUTO_INCREMENT=147 DEFAULT CHARSET=latin1;

--
-- Dumping data for table `logs`
--

INSERT INTO `logs` (`id`, `level`, `message`, `context`, `created_at`, `updated_at`) VALUES
(1, 'create', '{\"_token\":\"2mX4YmrRcLXAUIZf3QzLuw5l2np1f3ohOLpWW7Ql\",\"booking_details\":\"09\\/06\\/2024-PM,10\\/06\\/2024-AM\",\"name\":\"Salman\",\"mobile_1\":\"8923787283\",\"mobile_2\":null,\"address_line_1\":\"LINE 1\",\"address_line_2\":null,\"event_type\":\"marriage\",\"total_amount\":\"15000\",\"discount\":null,\"discount_by\":null,\"advance_paid\":\"5000\",\"receipt_1\":\"23233\",\"date_1\":\"2024-06-09\",\"balance_amount\":null,\"receipt_2\":null,\"date_2\":null,\"comment\":null}', 'admin@admin.com', '2024-06-09 12:57:57', '2024-06-09 12:57:57'),
(2, 'update', '{\"_method\":\"PUT\",\"_token\":\"2mX4YmrRcLXAUIZf3QzLuw5l2np1f3ohOLpWW7Ql\",\"booking_details\":\"09\\/06\\/2024-PM,10\\/06\\/2024-AM\",\"id\":\"9c3e457d-4fbb-48e8-a583-8ba523bcb4d4\",\"name\":\"Salman\",\"mobile_1\":\"8923787283\",\"mobile_2\":null,\"address_line_1\":\"LINE 1\",\"address_line_2\":null,\"event_type\":\"marriage\",\"total_amount\":\"15000\",\"discount\":null,\"discount_by\":null,\"advance_paid\":\"5000\",\"receipt_1\":\"23233\",\"date_1\":\"2024-06-09\",\"balance_amount\":\"10000\",\"receipt_2\":\"2323\",\"date_2\":\"2024-06-09\",\"comment\":null}', 'admin@admin.com', '2024-06-09 12:59:25', '2024-06-09 12:59:25'),
(3, 'cancel', '{\"_token\":\"2mX4YmrRcLXAUIZf3QzLuw5l2np1f3ohOLpWW7Ql\",\"_method\":\"DELETE\",\"id\":\"9c3e457d-4fbb-48e8-a583-8ba523bcb4d4\",\"cancellation_amount\":\"10000\"}', 'admin@admin.com', '2024-06-09 13:00:33', '2024-06-09 13:00:33'),
(4, 'create', '{\"_token\":\"2mX4YmrRcLXAUIZf3QzLuw5l2np1f3ohOLpWW7Ql\",\"booking_details\":\"09\\/06\\/2024-AM,09\\/06\\/2024-PM,10\\/06\\/2024-AM,10\\/06\\/2024-PM\",\"name\":\"Asif\",\"mobile_1\":\"980293892\",\"mobile_2\":null,\"address_line_1\":\"ssdsdsd\",\"address_line_2\":null,\"event_type\":\"marriage\",\"total_amount\":\"15000\",\"discount\":null,\"discount_by\":null,\"advance_paid\":\"5000\",\"receipt_1\":\"23323\",\"date_1\":\"2024-06-09\",\"balance_amount\":null,\"receipt_2\":null,\"date_2\":null,\"comment\":null}', 'admin@admin.com', '2024-06-09 13:07:42', '2024-06-09 13:07:42'),
(5, 'update', '{\"_method\":\"PUT\",\"_token\":\"2mX4YmrRcLXAUIZf3QzLuw5l2np1f3ohOLpWW7Ql\",\"booking_details\":\"09\\/06\\/2024-AM,09\\/06\\/2024-PM,10\\/06\\/2024-AM,10\\/06\\/2024-PM\",\"id\":\"9c3e48fa-188f-44d6-88a6-8cdcc411fbad\",\"name\":\"Asif\",\"mobile_1\":\"980293892\",\"mobile_2\":null,\"address_line_1\":\"ssdsdsd\",\"address_line_2\":null,\"event_type\":\"marriage\",\"total_amount\":\"15000\",\"discount\":null,\"discount_by\":null,\"advance_paid\":\"5000\",\"receipt_1\":\"23323\",\"date_1\":\"2024-06-09\",\"balance_amount\":\"10000\",\"receipt_2\":\"26663\",\"date_2\":\"2024-06-09\",\"comment\":null}', 'admin@admin.com', '2024-06-09 13:08:05', '2024-06-09 13:08:05'),
(6, 'create', '{\"_token\":\"m3NoVowK138RQOUxjSHpy5HpFtDAx2xEQbYa6crU\",\"booking_details\":\"22\\/06\\/2024-AM,22\\/06\\/2024-PM\",\"name\":\"Waajid Aslam\",\"mobile_1\":\"23232323\",\"mobile_2\":null,\"address_line_1\":null,\"address_line_2\":null,\"event_type\":\"marriage\",\"total_amount\":\"15000\",\"discount\":null,\"discount_by\":null,\"advance_paid\":\"5000\",\"receipt_1\":\"343444\",\"date_1\":\"2024-06-11\",\"balance_amount\":null,\"receipt_2\":null,\"date_2\":null,\"comment\":null}', 'admin@admin.com', '2024-06-10 11:25:07', '2024-06-10 11:25:07'),
(7, 'update', '{\"_method\":\"PUT\",\"_token\":\"m3NoVowK138RQOUxjSHpy5HpFtDAx2xEQbYa6crU\",\"booking_details\":\"22\\/06\\/2024-AM,22\\/06\\/2024-PM\",\"id\":\"9c402745-bc66-4d37-ad7f-f2c57dccef90\",\"name\":\"Waajid Aslam\",\"mobile_1\":\"23232323\",\"mobile_2\":null,\"address_line_1\":null,\"address_line_2\":null,\"event_type\":\"marriage\",\"total_amount\":\"15000\",\"discount\":\"2000\",\"discount_by\":\"Secretary\",\"advance_paid\":\"5000\",\"receipt_1\":\"343444\",\"date_1\":\"2024-06-11\",\"balance_amount\":\"8000\",\"receipt_2\":\"2323\",\"date_2\":\"2024-06-12\",\"comment\":null}', 'admin@admin.com', '2024-06-10 11:25:53', '2024-06-10 11:25:53'),
(8, 'cancel', '{\"_token\":\"m3NoVowK138RQOUxjSHpy5HpFtDAx2xEQbYa6crU\",\"_method\":\"DELETE\",\"id\":\"9c402745-bc66-4d37-ad7f-f2c57dccef90\",\"cancellation_amount\":\"3000\"}', 'admin@admin.com', '2024-06-10 11:26:19', '2024-06-10 11:26:19'),
(9, 'create', '{\"_token\":\"Wtu5XGVqFM6k3188CkKgzm58YaStsXZYhvAKQ7e9\",\"booking_details\":\"12\\/06\\/2024-AM,12\\/06\\/2024-PM\",\"name\":\"adam\",\"mobile_1\":\"645356535\",\"mobile_2\":null,\"address_line_1\":null,\"address_line_2\":null,\"event_type\":\"wedding\",\"total_amount\":\"10000\",\"discount\":null,\"discount_by\":null,\"advance_paid\":\"5000\",\"receipt_1\":\"453443\",\"date_1\":\"2024-06-10\",\"balance_amount\":null,\"receipt_2\":null,\"date_2\":null,\"comment\":null}', 'admin@admin.com', '2024-06-10 16:11:49', '2024-06-10 16:11:49'),
(10, 'update', '{\"_method\":\"PUT\",\"_token\":\"Wtu5XGVqFM6k3188CkKgzm58YaStsXZYhvAKQ7e9\",\"booking_details\":\"12\\/06\\/2024-AM,12\\/06\\/2024-PM\",\"id\":\"9c408dcd-e08a-42ba-a3f1-96e82b59e934\",\"name\":\"adam\",\"mobile_1\":\"645356535\",\"mobile_2\":null,\"address_line_1\":null,\"address_line_2\":null,\"event_type\":\"wedding\",\"total_amount\":\"10000\",\"discount\":\"2000\",\"discount_by\":\"manager\",\"advance_paid\":\"5000\",\"receipt_1\":\"453443\",\"date_1\":\"2024-06-10\",\"balance_amount\":\"3000\",\"receipt_2\":\"535553\",\"date_2\":null,\"comment\":null}', 'admin@admin.com', '2024-06-10 16:12:33', '2024-06-10 16:12:33'),
(11, 'cancel', '{\"_token\":\"Wtu5XGVqFM6k3188CkKgzm58YaStsXZYhvAKQ7e9\",\"_method\":\"DELETE\",\"id\":\"9c408dcd-e08a-42ba-a3f1-96e82b59e934\",\"cancellation_amount\":\"3000\"}', 'admin@admin.com', '2024-06-10 16:13:03', '2024-06-10 16:13:03'),
(12, 'create', '{\"_token\":\"qgWQSVNiFkFndyK9cH8W2YlfKAzpEewZx56Xnqp7\",\"booking_details\":\"11\\/06\\/2024-AM,11\\/06\\/2024-PM\",\"name\":\"abc\",\"mobile_1\":\"9895546561\",\"mobile_2\":null,\"address_line_1\":null,\"address_line_2\":null,\"event_type\":\"meh\\/wed\\/rec\",\"total_amount\":\"33000\",\"discount\":\"1000\",\"discount_by\":\"pres\",\"advance_paid\":\"8000\",\"receipt_1\":\"436\",\"date_1\":\"2024-06-11\",\"balance_amount\":\"24000\",\"receipt_2\":\"480\",\"date_2\":\"2024-06-20\",\"comment\":null}', 'admin@admin.com', '2024-06-11 11:53:29', '2024-06-11 11:53:29'),
(13, 'create', '{\"_token\":\"qgWQSVNiFkFndyK9cH8W2YlfKAzpEewZx56Xnqp7\",\"booking_details\":\"18\\/01\\/2025-AM,18\\/01\\/2025-PM\",\"name\":\"SHAHUL\",\"mobile_1\":\"9895546454\",\"mobile_2\":null,\"address_line_1\":null,\"address_line_2\":null,\"event_type\":\"MEH\\/WED\",\"total_amount\":\"23000\",\"discount\":\"1000\",\"discount_by\":\"PRES\",\"advance_paid\":\"5000\",\"receipt_1\":\"430\",\"date_1\":\"2024-06-11\",\"balance_amount\":\"17000\",\"receipt_2\":\"532\",\"date_2\":\"2024-06-12\",\"comment\":null}', 'admin@admin.com', '2024-06-11 12:00:43', '2024-06-11 12:00:43'),
(14, 'create', '{\"_token\":\"qgWQSVNiFkFndyK9cH8W2YlfKAzpEewZx56Xnqp7\",\"booking_details\":\"18\\/01\\/2025-AM,18\\/01\\/2025-PM\",\"name\":\"FASFDSFSD\",\"mobile_1\":\"DFSDSDF\",\"mobile_2\":null,\"address_line_1\":null,\"address_line_2\":null,\"event_type\":\"marriage, MEHANDI, VALIMA\",\"total_amount\":\"23000\",\"discount\":\"1000\",\"discount_by\":\"PRES\",\"advance_paid\":\"1000\",\"receipt_1\":\"436\",\"date_1\":\"2024-06-12\",\"balance_amount\":\"21000\",\"receipt_2\":\"532\",\"date_2\":\"2024-06-12\",\"comment\":null}', 'admin@admin.com', '2024-06-11 12:16:19', '2024-06-11 12:16:19'),
(15, 'cancel', '{\"_token\":\"qgWQSVNiFkFndyK9cH8W2YlfKAzpEewZx56Xnqp7\",\"_method\":\"DELETE\",\"id\":\"9c2ffd1a-3b11-419e-a8a6-36f242f58321\",\"cancellation_amount\":\"2000\"}', 'admin@admin.com', '2024-06-11 12:17:21', '2024-06-11 12:17:21'),
(16, 'create', '{\"_token\":\"zqyeD1XqDxutqvvjuMPd9J5fTqpuJKl4Yx6vPlj8\",\"booking_details\":\"12\\/08\\/2024-AM,12\\/08\\/2024-PM\",\"name\":\"abc\",\"mobile_1\":\"9988909988\",\"mobile_2\":null,\"address_line_1\":null,\"address_line_2\":null,\"event_type\":\"meh\\/nikah\",\"total_amount\":\"23000\",\"discount\":null,\"discount_by\":\"pres\",\"advance_paid\":\"1000\",\"receipt_1\":\"432\",\"date_1\":\"2024-06-13\",\"balance_amount\":\"22000\",\"receipt_2\":\"536\",\"date_2\":\"2024-06-12\",\"comment\":null}', 'admin@admin.com', '2024-06-13 12:44:30', '2024-06-13 12:44:30'),
(17, 'create', '{\"_token\":\"zcsanqQxhwzBGCiXw2eDBnQ9bVAsCSKyuwtdfPuc\",\"booking_details\":\"14\\/06\\/2024-AM,14\\/06\\/2024-PM\",\"name\":\"najeeb\",\"mobile_1\":\"8574385738457\",\"mobile_2\":null,\"address_line_1\":null,\"address_line_2\":null,\"event_type\":\"marriage\",\"total_amount\":\"23000\",\"discount\":null,\"discount_by\":null,\"advance_paid\":\"8000\",\"receipt_1\":\"345\",\"date_1\":\"2024-06-14\",\"balance_amount\":\"15000\",\"receipt_2\":\"480\",\"date_2\":\"2024-06-12\",\"comment\":null}', 'admin@admin.com', '2024-06-14 12:02:28', '2024-06-14 12:02:28'),
(18, 'cancel', '{\"_token\":\"zcsanqQxhwzBGCiXw2eDBnQ9bVAsCSKyuwtdfPuc\",\"_method\":\"DELETE\",\"id\":\"9c484091-a37b-4d3a-a373-ca43b9d9b5d0\",\"cancellation_amount\":\"0\"}', 'admin@admin.com', '2024-06-14 12:03:25', '2024-06-14 12:03:25'),
(19, 'create', '{\"_token\":\"zcsanqQxhwzBGCiXw2eDBnQ9bVAsCSKyuwtdfPuc\",\"booking_details\":\"11\\/06\\/2024-AM,11\\/06\\/2024-PM\",\"name\":\"samad\",\"mobile_1\":\"9999999\",\"mobile_2\":null,\"address_line_1\":null,\"address_line_2\":null,\"event_type\":\"marriage\",\"total_amount\":\"23000\",\"discount\":null,\"discount_by\":null,\"advance_paid\":\"1000\",\"receipt_1\":\"345\",\"date_1\":\"2024-06-15\",\"balance_amount\":\"22000\",\"receipt_2\":\"532\",\"date_2\":\"2024-06-12\",\"comment\":null}', 'admin@admin.com', '2024-06-14 12:06:37', '2024-06-14 12:06:37'),
(20, 'create', '{\"_token\":\"l4zKX1vUXucLEL2RSemnIeJoDtsJz1Re2jJB1TRJ\",\"booking_details\":\"15\\/06\\/2024-AM,15\\/06\\/2024-PM\",\"name\":\"fgdfg\",\"mobile_1\":\"gggsdg\",\"mobile_2\":null,\"address_line_1\":null,\"address_line_2\":null,\"event_type\":\"gdgdg\",\"total_amount\":\"2323\",\"discount\":null,\"discount_by\":null,\"advance_paid\":\"232312\",\"receipt_1\":\"436\",\"date_1\":\"2024-06-13\",\"balance_amount\":null,\"receipt_2\":null,\"date_2\":null,\"comment\":null}', 'admin@admin.com', '2024-06-15 13:57:51', '2024-06-15 13:57:51'),
(21, 'update', '{\"_method\":\"PUT\",\"_token\":\"l4zKX1vUXucLEL2RSemnIeJoDtsJz1Re2jJB1TRJ\",\"booking_details\":\"18\\/01\\/2025-AM,18\\/01\\/2025-PM\",\"id\":\"9c423c91-e1e3-49b9-9958-f12385ec444d\",\"name\":\"FASFDSFSD\",\"mobile_1\":\"DFSDSDF\",\"mobile_2\":null,\"address_line_1\":null,\"address_line_2\":null,\"event_type\":\"marriage, MEHANDI, VALIMA\",\"total_amount\":\"23000\",\"discount\":\"1000\",\"discount_by\":\"PRES\",\"advance_paid\":\"1000\",\"receipt_1\":\"436\",\"date_1\":\"2024-06-12\",\"balance_amount\":\"21000\",\"receipt_2\":null,\"date_2\":null,\"comment\":null}', 'admin@admin.com', '2024-06-15 13:59:27', '2024-06-15 13:59:27'),
(22, 'create', '{\"_token\":\"pRBEaEleQGbxl8gPQlAOXWRI42ksutrrmJdK4sON\",\"booking_details\":\"22\\/06\\/2024-AM\",\"name\":\"shamju ps\",\"mobile_1\":\"7777777\",\"mobile_2\":null,\"address_line_1\":null,\"address_line_2\":null,\"event_type\":\"marriage\",\"total_amount\":\"20000\",\"discount\":\"3000\",\"discount_by\":\"test\",\"advance_paid\":\"5000\",\"receipt_1\":\"test1\",\"date_1\":\"2024-06-22\",\"balance_amount\":null,\"receipt_2\":null,\"date_2\":null,\"comment\":null}', 'admin@admin.com', '2024-06-22 10:43:44', '2024-06-22 10:43:44'),
(23, 'create', '{\"_token\":\"Wri7asTCaXe8xhhnqPFe3nkFFLfOCtCFihCB62ko\",\"booking_details\":\"30\\/12\\/2024-PM,31\\/12\\/2024-AM\",\"name\":\"ELIYAS\",\"mobile_1\":\"9048395887\",\"mobile_2\":null,\"address_line_1\":null,\"address_line_2\":null,\"event_type\":\"MEH\\/WED\",\"total_amount\":\"23000\",\"discount\":null,\"discount_by\":null,\"advance_paid\":\"6000\",\"receipt_1\":\"508\",\"date_1\":\"2024-06-20\",\"balance_amount\":null,\"receipt_2\":null,\"date_2\":null,\"comment\":null}', 'admin@admin.com', '2024-06-28 18:38:17', '2024-06-28 18:38:17'),
(24, 'cancel', '{\"_token\":\"LX2HDBYIiNXclRhwJgKwaJrSw9WBV4yASzCW13tj\",\"_method\":\"DELETE\",\"id\":\"9c583c48-7bf1-4c02-926f-269987c86c8f\",\"cancellation_amount\":\"0\"}', 'admin@admin.com', '2024-06-29 13:42:22', '2024-06-29 13:42:22'),
(25, 'cancel', '{\"_token\":\"LX2HDBYIiNXclRhwJgKwaJrSw9WBV4yASzCW13tj\",\"_method\":\"DELETE\",\"id\":\"9c4236fc-df3c-4622-bd5f-c07150a537cd\",\"cancellation_amount\":\"0\"}', 'admin@admin.com', '2024-06-29 13:42:27', '2024-06-29 13:42:27'),
(26, 'cancel', '{\"_token\":\"LX2HDBYIiNXclRhwJgKwaJrSw9WBV4yASzCW13tj\",\"_method\":\"DELETE\",\"id\":\"9c48420d-10f2-4130-bc69-7d9d7f7acf39\",\"cancellation_amount\":\"0\"}', 'admin@admin.com', '2024-06-29 13:42:33', '2024-06-29 13:42:33'),
(27, 'cancel', '{\"_token\":\"LX2HDBYIiNXclRhwJgKwaJrSw9WBV4yASzCW13tj\",\"_method\":\"DELETE\",\"id\":\"9c4a6cd0-6d8b-4898-b24a-ffc7cb5bced9\",\"cancellation_amount\":\"0\"}', 'admin@admin.com', '2024-06-29 13:42:42', '2024-06-29 13:42:42'),
(28, 'cancel', '{\"_token\":\"LX2HDBYIiNXclRhwJgKwaJrSw9WBV4yASzCW13tj\",\"_method\":\"DELETE\",\"id\":\"9c423c91-e1e3-49b9-9958-f12385ec444d\",\"cancellation_amount\":\"0\"}', 'admin@admin.com', '2024-06-29 13:42:48', '2024-06-29 13:42:48'),
(29, 'cancel', '{\"_token\":\"LX2HDBYIiNXclRhwJgKwaJrSw9WBV4yASzCW13tj\",\"_method\":\"DELETE\",\"id\":\"9c64f7e5-eb59-4e25-b27f-a59180212b09\",\"cancellation_amount\":\"0\"}', 'admin@admin.com', '2024-06-29 13:42:53', '2024-06-29 13:42:53'),
(30, 'cancel', '{\"_token\":\"LX2HDBYIiNXclRhwJgKwaJrSw9WBV4yASzCW13tj\",\"_method\":\"DELETE\",\"id\":\"9c3e48fa-188f-44d6-88a6-8cdcc411fbad\",\"cancellation_amount\":\"0\"}', 'admin@admin.com', '2024-06-29 13:42:58', '2024-06-29 13:42:58'),
(31, 'cancel', '{\"_token\":\"LX2HDBYIiNXclRhwJgKwaJrSw9WBV4yASzCW13tj\",\"_method\":\"DELETE\",\"id\":\"9c423467-c0bf-44ea-ad37-f015e1315909\",\"cancellation_amount\":\"0\"}', 'admin@admin.com', '2024-06-29 13:43:02', '2024-06-29 13:43:02'),
(32, 'cancel', '{\"_token\":\"LX2HDBYIiNXclRhwJgKwaJrSw9WBV4yASzCW13tj\",\"_method\":\"DELETE\",\"id\":\"9c464c9e-4856-4d9d-97ac-a175516fee76\",\"cancellation_amount\":\"0\"}', 'admin@admin.com', '2024-06-29 13:43:07', '2024-06-29 13:43:07'),
(33, 'create', '{\"_token\":\"LX2HDBYIiNXclRhwJgKwaJrSw9WBV4yASzCW13tj\",\"booking_details\":\"10\\/07\\/2024-PM,11\\/07\\/2024-AM\",\"name\":\"ASHRAF\",\"mobile_1\":\"9846050404\",\"mobile_2\":null,\"address_line_1\":null,\"address_line_2\":null,\"event_type\":\"MEH\\/WED\",\"total_amount\":\"12000\",\"discount\":null,\"discount_by\":null,\"advance_paid\":\"2000\",\"receipt_1\":\"215\",\"date_1\":\"2024-03-05\",\"balance_amount\":null,\"receipt_2\":null,\"date_2\":null,\"comment\":null}', 'admin@admin.com', '2024-06-29 13:49:24', '2024-06-29 13:49:24'),
(34, 'update', '{\"_method\":\"PUT\",\"_token\":\"LX2HDBYIiNXclRhwJgKwaJrSw9WBV4yASzCW13tj\",\"booking_details\":\"10\\/07\\/2024-PM,11\\/07\\/2024-AM\",\"id\":\"9c669392-84fc-40ab-8661-9c833e7c8283\",\"name\":\"ASHRAF\",\"mobile_1\":\"9846050404\",\"mobile_2\":null,\"address_line_1\":null,\"address_line_2\":null,\"event_type\":\"MEH\\/WED\",\"total_amount\":\"22000\",\"discount\":null,\"discount_by\":null,\"advance_paid\":\"2000\",\"receipt_1\":\"215\",\"date_1\":\"2024-03-05\",\"balance_amount\":null,\"receipt_2\":null,\"date_2\":null,\"comment\":null}', 'admin@admin.com', '2024-06-29 13:54:01', '2024-06-29 13:54:01'),
(35, 'create', '{\"_token\":\"LX2HDBYIiNXclRhwJgKwaJrSw9WBV4yASzCW13tj\",\"booking_details\":\"20\\/07\\/2024-AM\",\"name\":\"JAWAHAR SAIT\",\"mobile_1\":\"0\",\"mobile_2\":null,\"address_line_1\":null,\"address_line_2\":null,\"event_type\":\"MAJLIS\",\"total_amount\":\"2000\",\"discount\":null,\"discount_by\":null,\"advance_paid\":\"500\",\"receipt_1\":\"160\",\"date_1\":\"2024-01-18\",\"balance_amount\":null,\"receipt_2\":null,\"date_2\":null,\"comment\":null}', 'admin@admin.com', '2024-06-29 14:04:47', '2024-06-29 14:04:47'),
(36, 'create', '{\"_token\":\"LX2HDBYIiNXclRhwJgKwaJrSw9WBV4yASzCW13tj\",\"booking_details\":\"28\\/07\\/2024-PM\",\"name\":\"ZAFAR SAIT\",\"mobile_1\":\"0\",\"mobile_2\":null,\"address_line_1\":null,\"address_line_2\":null,\"event_type\":\"PEETI\",\"total_amount\":\"0\",\"discount\":null,\"discount_by\":null,\"advance_paid\":\"0\",\"receipt_1\":\"0\",\"date_1\":\"2024-07-28\",\"balance_amount\":null,\"receipt_2\":null,\"date_2\":null,\"comment\":null}', 'admin@admin.com', '2024-06-29 14:24:45', '2024-06-29 14:24:45'),
(37, 'cancel', '{\"_token\":\"cewwGMjHwFLhObo14EnW6m5LkZSEGonqjrNoslCR\",\"_method\":\"DELETE\",\"id\":\"9c66a037-1f31-443e-8b55-57ecdfda4146\",\"cancellation_amount\":\"0\"}', 'admin@admin.com', '2024-06-29 14:48:24', '2024-06-29 14:48:24'),
(38, 'cancel', '{\"_token\":\"cewwGMjHwFLhObo14EnW6m5LkZSEGonqjrNoslCR\",\"_method\":\"DELETE\",\"id\":\"9c669913-14b7-41a5-8d72-dc429a834e4a\",\"cancellation_amount\":\"0\"}', 'admin@admin.com', '2024-06-29 14:48:33', '2024-06-29 14:48:33'),
(39, 'cancel', '{\"_token\":\"cewwGMjHwFLhObo14EnW6m5LkZSEGonqjrNoslCR\",\"_method\":\"DELETE\",\"id\":\"9c669392-84fc-40ab-8661-9c833e7c8283\",\"cancellation_amount\":\"0\"}', 'admin@admin.com', '2024-06-29 14:48:46', '2024-06-29 14:48:46'),
(40, 'create', '{\"_token\":\"tGinWB8frWzZR8RDA0ted3I7YIJOxPOCbP0ffJ2A\",\"booking_details\":\"02\\/07\\/2024-AM\",\"name\":\"JOOSADDAH\",\"mobile_1\":\"11\",\"mobile_2\":null,\"address_line_1\":null,\"address_line_2\":null,\"event_type\":\"SATHADA\",\"total_amount\":\"1\",\"discount\":null,\"discount_by\":null,\"advance_paid\":\"1\",\"receipt_1\":\"1\",\"date_1\":\"2024-07-02\",\"balance_amount\":null,\"receipt_2\":null,\"date_2\":null,\"comment\":null}', 'admin@admin.com', '2024-07-05 17:34:30', '2024-07-05 17:34:30'),
(41, 'create', '{\"_token\":\"tGinWB8frWzZR8RDA0ted3I7YIJOxPOCbP0ffJ2A\",\"booking_details\":\"03\\/07\\/2024-PM\",\"name\":\"VOICE OF KOCHI\",\"mobile_1\":\"1\",\"mobile_2\":null,\"address_line_1\":null,\"address_line_2\":null,\"event_type\":\"MEETING\",\"total_amount\":\"1\",\"discount\":null,\"discount_by\":null,\"advance_paid\":\"1\",\"receipt_1\":\"1\",\"date_1\":\"2024-07-03\",\"balance_amount\":null,\"receipt_2\":null,\"date_2\":null,\"comment\":null}', 'admin@admin.com', '2024-07-05 17:51:35', '2024-07-05 17:51:35'),
(42, 'create', '{\"_token\":\"tGinWB8frWzZR8RDA0ted3I7YIJOxPOCbP0ffJ2A\",\"booking_details\":\"04\\/07\\/2024-PM\",\"name\":\"KRIPA THANAL\",\"mobile_1\":\"1\",\"mobile_2\":null,\"address_line_1\":null,\"address_line_2\":null,\"event_type\":\"MEETING\",\"total_amount\":\"1\",\"discount\":null,\"discount_by\":null,\"advance_paid\":\"1\",\"receipt_1\":\"1\",\"date_1\":\"2024-07-04\",\"balance_amount\":null,\"receipt_2\":null,\"date_2\":null,\"comment\":null}', 'admin@admin.com', '2024-07-05 17:53:09', '2024-07-05 17:53:09'),
(43, 'create', '{\"_token\":\"tGinWB8frWzZR8RDA0ted3I7YIJOxPOCbP0ffJ2A\",\"booking_details\":\"05\\/07\\/2024-PM\",\"name\":\"AL FITHRA SCHOOL\",\"mobile_1\":\"1\",\"mobile_2\":null,\"address_line_1\":null,\"address_line_2\":null,\"event_type\":\"MEETING\",\"total_amount\":\"1\",\"discount\":null,\"discount_by\":null,\"advance_paid\":\"1\",\"receipt_1\":\"1\",\"date_1\":\"2024-07-05\",\"balance_amount\":null,\"receipt_2\":null,\"date_2\":null,\"comment\":null}', 'admin@admin.com', '2024-07-05 17:56:14', '2024-07-05 17:56:14'),
(44, 'create', '{\"_token\":\"JwOnMwojMyMP13lbzOyZCfOsaM5DS6F7pMHusUEw\",\"booking_details\":\"07\\/07\\/2024-PM\",\"name\":\"NAUSHAD\",\"mobile_1\":\"9947662695\",\"mobile_2\":null,\"address_line_1\":null,\"address_line_2\":null,\"event_type\":\"E\",\"total_amount\":\"12000\",\"discount\":null,\"discount_by\":null,\"advance_paid\":\"3000\",\"receipt_1\":\"448\",\"date_1\":\"2024-07-07\",\"balance_amount\":null,\"receipt_2\":null,\"date_2\":null,\"comment\":null}', 'admin@admin.com', '2024-07-06 17:41:00', '2024-07-06 17:41:00'),
(45, 'create', '{\"_token\":\"JwOnMwojMyMP13lbzOyZCfOsaM5DS6F7pMHusUEw\",\"booking_details\":\"10\\/07\\/2024-PM\",\"name\":\"ASHRAF\",\"mobile_1\":\"9846050404\",\"mobile_2\":null,\"address_line_1\":null,\"address_line_2\":null,\"event_type\":\"E\",\"total_amount\":\"12000\",\"discount\":null,\"discount_by\":null,\"advance_paid\":\"2000\",\"receipt_1\":\"215\",\"date_1\":\"2024-07-10\",\"balance_amount\":null,\"receipt_2\":null,\"date_2\":null,\"comment\":null}', 'admin@admin.com', '2024-07-06 17:43:22', '2024-07-06 17:43:22'),
(46, 'create', '{\"_token\":\"JwOnMwojMyMP13lbzOyZCfOsaM5DS6F7pMHusUEw\",\"booking_details\":\"11\\/07\\/2024-AM\",\"name\":\"ASHRAF\",\"mobile_1\":\"1\",\"mobile_2\":null,\"address_line_1\":null,\"address_line_2\":null,\"event_type\":\"E\",\"total_amount\":\"1\",\"discount\":null,\"discount_by\":null,\"advance_paid\":\"1\",\"receipt_1\":\"1\",\"date_1\":\"2024-07-11\",\"balance_amount\":null,\"receipt_2\":null,\"date_2\":null,\"comment\":null}', 'admin@admin.com', '2024-07-06 17:44:23', '2024-07-06 17:44:23'),
(47, 'create', '{\"_token\":\"JwOnMwojMyMP13lbzOyZCfOsaM5DS6F7pMHusUEw\",\"booking_details\":\"12\\/07\\/2024-PM\",\"name\":\"ASHRAF COUNCILLOR\",\"mobile_1\":\"1\",\"mobile_2\":null,\"address_line_1\":null,\"address_line_2\":null,\"event_type\":\"E\",\"total_amount\":\"1\",\"discount\":null,\"discount_by\":null,\"advance_paid\":\"1\",\"receipt_1\":\"1\",\"date_1\":\"2024-07-12\",\"balance_amount\":null,\"receipt_2\":null,\"date_2\":null,\"comment\":null}', 'admin@admin.com', '2024-07-06 17:45:33', '2024-07-06 17:45:33'),
(48, 'create', '{\"_token\":\"JwOnMwojMyMP13lbzOyZCfOsaM5DS6F7pMHusUEw\",\"booking_details\":\"13\\/07\\/2024-PM\",\"name\":\"NASSAR\",\"mobile_1\":\"1\",\"mobile_2\":null,\"address_line_1\":null,\"address_line_2\":null,\"event_type\":\"E\",\"total_amount\":\"1\",\"discount\":null,\"discount_by\":null,\"advance_paid\":\"1\",\"receipt_1\":\"1\",\"date_1\":\"2024-07-13\",\"balance_amount\":null,\"receipt_2\":null,\"date_2\":null,\"comment\":null}', 'admin@admin.com', '2024-07-06 17:46:50', '2024-07-06 17:46:50'),
(49, 'create', '{\"_token\":\"JwOnMwojMyMP13lbzOyZCfOsaM5DS6F7pMHusUEw\",\"booking_details\":\"14\\/07\\/2024-AM\",\"name\":\"KUNJUMOHAMMED\",\"mobile_1\":\"9847474891\",\"mobile_2\":null,\"address_line_1\":null,\"address_line_2\":null,\"event_type\":\"HOUSE WARMING PENDING\",\"total_amount\":\"1\",\"discount\":null,\"discount_by\":null,\"advance_paid\":\"2000\",\"receipt_1\":\"1\",\"date_1\":\"2024-07-14\",\"balance_amount\":null,\"receipt_2\":null,\"date_2\":null,\"comment\":null}', 'admin@admin.com', '2024-07-06 17:53:35', '2024-07-06 17:53:35'),
(50, 'create', '{\"_token\":\"JwOnMwojMyMP13lbzOyZCfOsaM5DS6F7pMHusUEw\",\"booking_details\":\"14\\/07\\/2024-PM\",\"name\":\"NASSAR\",\"mobile_1\":\"9895950302\",\"mobile_2\":null,\"address_line_1\":null,\"address_line_2\":null,\"event_type\":\"E\",\"total_amount\":\"1\",\"discount\":null,\"discount_by\":null,\"advance_paid\":\"3500\",\"receipt_1\":\"516\",\"date_1\":\"2024-07-14\",\"balance_amount\":null,\"receipt_2\":null,\"date_2\":null,\"comment\":null}', 'admin@admin.com', '2024-07-06 17:55:23', '2024-07-06 17:55:23'),
(51, 'create', '{\"_token\":\"JwOnMwojMyMP13lbzOyZCfOsaM5DS6F7pMHusUEw\",\"booking_details\":\"20\\/07\\/2024-AM\",\"name\":\"JAWAHAR\",\"mobile_1\":\"1\",\"mobile_2\":null,\"address_line_1\":null,\"address_line_2\":null,\"event_type\":\"E\",\"total_amount\":\"1\",\"discount\":null,\"discount_by\":null,\"advance_paid\":\"1\",\"receipt_1\":\"1\",\"date_1\":\"2024-07-20\",\"balance_amount\":null,\"receipt_2\":null,\"date_2\":null,\"comment\":null}', 'admin@admin.com', '2024-07-06 17:57:29', '2024-07-06 17:57:29'),
(52, 'create', '{\"_token\":\"JwOnMwojMyMP13lbzOyZCfOsaM5DS6F7pMHusUEw\",\"booking_details\":\"26\\/07\\/2024-PM\",\"name\":\"NAJEEB\",\"mobile_1\":\"9895220484\",\"mobile_2\":null,\"address_line_1\":null,\"address_line_2\":null,\"event_type\":\"MYLANCHI\",\"total_amount\":\"6000\",\"discount\":null,\"discount_by\":null,\"advance_paid\":\"1000\",\"receipt_1\":\"192\",\"date_1\":\"2024-02-15\",\"balance_amount\":null,\"receipt_2\":null,\"date_2\":null,\"comment\":null}', 'admin@admin.com', '2024-07-06 18:10:05', '2024-07-06 18:10:05'),
(53, 'create', '{\"_token\":\"JwOnMwojMyMP13lbzOyZCfOsaM5DS6F7pMHusUEw\",\"booking_details\":\"28\\/07\\/2024-PM\",\"name\":\"ZAFAR SAIT\",\"mobile_1\":\"1\",\"mobile_2\":null,\"address_line_1\":null,\"address_line_2\":null,\"event_type\":\"PEETTI\",\"total_amount\":\"1\",\"discount\":null,\"discount_by\":null,\"advance_paid\":\"1\",\"receipt_1\":\"1\",\"date_1\":\"2024-07-28\",\"balance_amount\":null,\"receipt_2\":null,\"date_2\":null,\"comment\":null}', 'admin@admin.com', '2024-07-06 18:11:29', '2024-07-06 18:11:29'),
(54, 'create', '{\"_token\":\"JwOnMwojMyMP13lbzOyZCfOsaM5DS6F7pMHusUEw\",\"booking_details\":\"29\\/07\\/2024-PM\",\"name\":\"SALIM\",\"mobile_1\":\"1\",\"mobile_2\":null,\"address_line_1\":null,\"address_line_2\":null,\"event_type\":\"RAFI NIGHT\",\"total_amount\":\"1\",\"discount\":null,\"discount_by\":null,\"advance_paid\":\"1\",\"receipt_1\":\"1\",\"date_1\":\"2024-07-29\",\"balance_amount\":null,\"receipt_2\":null,\"date_2\":null,\"comment\":null}', 'admin@admin.com', '2024-07-06 18:12:50', '2024-07-06 18:12:50'),
(55, 'create', '{\"_token\":\"JwOnMwojMyMP13lbzOyZCfOsaM5DS6F7pMHusUEw\",\"booking_details\":\"30\\/07\\/2024-PM\",\"name\":\"ANSAR\",\"mobile_1\":\"1\",\"mobile_2\":null,\"address_line_1\":null,\"address_line_2\":null,\"event_type\":\"SAYAHNAKOOTAM\",\"total_amount\":\"1\",\"discount\":null,\"discount_by\":null,\"advance_paid\":\"1\",\"receipt_1\":\"1\",\"date_1\":\"2024-07-30\",\"balance_amount\":null,\"receipt_2\":null,\"date_2\":null,\"comment\":null}', 'admin@admin.com', '2024-07-06 18:13:55', '2024-07-06 18:13:55'),
(56, 'create', '{\"_token\":\"2wdPjMJDUy90fUzBNujBKi6WcsAkyRayemJcz6U4\",\"booking_details\":\"01\\/08\\/2024-PM\",\"name\":\"SALIM\",\"mobile_1\":\"9388410938\",\"mobile_2\":null,\"address_line_1\":null,\"address_line_2\":null,\"event_type\":\"e\",\"total_amount\":\"1\",\"discount\":null,\"discount_by\":null,\"advance_paid\":\"1\",\"receipt_1\":\"1\",\"date_1\":\"2024-08-01\",\"balance_amount\":null,\"receipt_2\":null,\"date_2\":null,\"comment\":null}', 'admin@admin.com', '2024-07-10 12:03:38', '2024-07-10 12:03:38'),
(57, 'create', '{\"_token\":\"2wdPjMJDUy90fUzBNujBKi6WcsAkyRayemJcz6U4\",\"booking_details\":\"02\\/08\\/2024-PM\",\"name\":\"SHERIFKA\",\"mobile_1\":\"1\",\"mobile_2\":null,\"address_line_1\":null,\"address_line_2\":null,\"event_type\":\"MEETING\",\"total_amount\":\"1\",\"discount\":null,\"discount_by\":null,\"advance_paid\":\"500\",\"receipt_1\":\"151\",\"date_1\":\"2023-01-14\",\"balance_amount\":null,\"receipt_2\":null,\"date_2\":null,\"comment\":null}', 'admin@admin.com', '2024-07-10 12:06:46', '2024-07-10 12:06:46'),
(58, 'create', '{\"_token\":\"2wdPjMJDUy90fUzBNujBKi6WcsAkyRayemJcz6U4\",\"booking_details\":\"03\\/08\\/2024-PM,04\\/08\\/2024-AM\",\"name\":\"BABITHA\",\"mobile_1\":\"8784027688\",\"mobile_2\":null,\"address_line_1\":null,\"address_line_2\":null,\"event_type\":\"MEH\\/WED\",\"total_amount\":\"1\",\"discount\":null,\"discount_by\":null,\"advance_paid\":\"4000\",\"receipt_1\":\"447\",\"date_1\":\"2024-08-04\",\"balance_amount\":null,\"receipt_2\":null,\"date_2\":null,\"comment\":null}', 'admin@admin.com', '2024-07-10 12:14:48', '2024-07-10 12:14:48'),
(59, 'create', '{\"_token\":\"2wdPjMJDUy90fUzBNujBKi6WcsAkyRayemJcz6U4\",\"booking_details\":\"04\\/08\\/2024-PM\",\"name\":\"SIRAJ\",\"mobile_1\":\"9895832866\",\"mobile_2\":null,\"address_line_1\":null,\"address_line_2\":null,\"event_type\":\"RECEPTION\",\"total_amount\":\"13000\",\"discount\":null,\"discount_by\":null,\"advance_paid\":\"5000\",\"receipt_1\":\"498\",\"date_1\":\"2024-01-12\",\"balance_amount\":null,\"receipt_2\":null,\"date_2\":null,\"comment\":null}', 'admin@admin.com', '2024-07-10 12:16:56', '2024-07-10 12:16:56'),
(60, 'create', '{\"_token\":\"2wdPjMJDUy90fUzBNujBKi6WcsAkyRayemJcz6U4\",\"booking_details\":\"19\\/08\\/2024-AM,19\\/08\\/2024-PM\",\"name\":\"SAINUDHEEN\",\"mobile_1\":\"8281780946\\/9539904060\",\"mobile_2\":null,\"address_line_1\":null,\"address_line_2\":null,\"event_type\":\"NIKAH AND RECEPTION\",\"total_amount\":\"22000\",\"discount\":null,\"discount_by\":null,\"advance_paid\":\"5000\",\"receipt_1\":\"359\",\"date_1\":\"2024-04-03\",\"balance_amount\":null,\"receipt_2\":null,\"date_2\":null,\"comment\":null}', 'admin@admin.com', '2024-07-10 14:29:23', '2024-07-10 14:29:23'),
(61, 'create', '{\"_token\":\"VauDANupHQDvLpWJYPvfKx3lZ920vjB6P3qccohQ\",\"booking_details\":\"17\\/05\\/2025-PM,18\\/05\\/2025-AM,18\\/05\\/2025-PM\",\"name\":\"SUNEER\",\"mobile_1\":\"1\",\"mobile_2\":null,\"address_line_1\":null,\"address_line_2\":null,\"event_type\":\"MEH\\/WED\\/REC\",\"total_amount\":\"30000\",\"discount\":null,\"discount_by\":null,\"advance_paid\":\"5000\",\"receipt_1\":\"384\",\"date_1\":\"2024-04-29\",\"balance_amount\":null,\"receipt_2\":null,\"date_2\":null,\"comment\":\"IF A\\/C NEEDED EXTRA 7000\"}', 'admin@admin.com', '2024-07-11 12:53:17', '2024-07-11 12:53:17'),
(62, 'create', '{\"_token\":\"VauDANupHQDvLpWJYPvfKx3lZ920vjB6P3qccohQ\",\"booking_details\":\"24\\/05\\/2025-PM,25\\/05\\/2025-AM\",\"name\":\"ANITA\",\"mobile_1\":\"1\",\"mobile_2\":null,\"address_line_1\":null,\"address_line_2\":null,\"event_type\":\"MEH\\/WED\",\"total_amount\":\"22000.00\",\"discount\":null,\"discount_by\":null,\"advance_paid\":\"3000\",\"receipt_1\":\"389\",\"date_1\":\"2024-04-30\",\"balance_amount\":null,\"receipt_2\":null,\"date_2\":null,\"comment\":null}', 'admin@admin.com', '2024-07-11 13:00:24', '2024-07-11 13:00:24'),
(63, 'create', '{\"_token\":\"VauDANupHQDvLpWJYPvfKx3lZ920vjB6P3qccohQ\",\"booking_details\":\"16\\/08\\/2024-PM\",\"name\":\"SHEMI\",\"mobile_1\":\"1\",\"mobile_2\":null,\"address_line_1\":null,\"address_line_2\":null,\"event_type\":\"PEETI\",\"total_amount\":\"5000\",\"discount\":null,\"discount_by\":null,\"advance_paid\":\"2000\",\"receipt_1\":\"398\",\"date_1\":\"2024-05-07\",\"balance_amount\":null,\"receipt_2\":null,\"date_2\":null,\"comment\":null}', 'admin@admin.com', '2024-07-11 13:09:42', '2024-07-11 13:09:42'),
(64, 'create', '{\"_token\":\"VauDANupHQDvLpWJYPvfKx3lZ920vjB6P3qccohQ\",\"booking_details\":\"04\\/02\\/2025-PM,05\\/02\\/2025-PM,06\\/02\\/2025-AM\",\"name\":\"JABAR IYS\",\"mobile_1\":\"1\",\"mobile_2\":null,\"address_line_1\":null,\"address_line_2\":null,\"event_type\":\"PEETI\\/MYL\\/NIKAH\",\"total_amount\":\"28000\",\"discount\":null,\"discount_by\":null,\"advance_paid\":\"1000\",\"receipt_1\":\"399\",\"date_1\":\"2024-05-07\",\"balance_amount\":null,\"receipt_2\":null,\"date_2\":null,\"comment\":null}', 'admin@admin.com', '2024-07-11 13:39:11', '2024-07-11 13:39:11'),
(65, 'create', '{\"_token\":\"Toul80r3S7R4JutVDxHcjkFdBAZPyfc0rdEDaw6C\",\"booking_details\":\"01\\/02\\/2025-PM,02\\/02\\/2025-AM,02\\/02\\/2025-PM\",\"name\":\"ANEESHA SAFAR\",\"mobile_1\":\"1\",\"mobile_2\":null,\"address_line_1\":null,\"address_line_2\":null,\"event_type\":\"MYL\\/WED\\/REC\",\"total_amount\":\"23000\",\"discount\":null,\"discount_by\":null,\"advance_paid\":\"2000\",\"receipt_1\":\"369\",\"date_1\":\"2024-04-18\",\"balance_amount\":null,\"receipt_2\":null,\"date_2\":null,\"comment\":null}', 'admin@admin.com', '2024-07-11 17:31:22', '2024-07-11 17:31:22'),
(66, 'create', '{\"_token\":\"Toul80r3S7R4JutVDxHcjkFdBAZPyfc0rdEDaw6C\",\"booking_details\":\"19\\/05\\/2025-AM,19\\/05\\/2025-PM\",\"name\":\"RUKSANA ABBAS (PLS CHECK AM OR PM\",\"mobile_1\":\"1\",\"mobile_2\":null,\"address_line_1\":null,\"address_line_2\":null,\"event_type\":\"RECEPTION\",\"total_amount\":\"13000\",\"discount\":null,\"discount_by\":null,\"advance_paid\":\"500\",\"receipt_1\":\"372\",\"date_1\":\"2024-04-18\",\"balance_amount\":null,\"receipt_2\":null,\"date_2\":null,\"comment\":null}', 'admin@admin.com', '2024-07-11 17:35:37', '2024-07-11 17:35:37'),
(67, 'update', '{\"_method\":\"PUT\",\"_token\":\"Toul80r3S7R4JutVDxHcjkFdBAZPyfc0rdEDaw6C\",\"booking_details\":\"01\\/02\\/2025-PM,02\\/02\\/2025-AM,02\\/02\\/2025-PM\",\"id\":\"9c7f06c2-cac0-4e00-ab3c-1194c7b3866b\",\"name\":\"ANEESHA SAFAR\",\"mobile_1\":\"1\",\"mobile_2\":null,\"address_line_1\":null,\"address_line_2\":null,\"event_type\":\"MYL\\/WED\\/REC\",\"total_amount\":\"23000\",\"discount\":null,\"discount_by\":null,\"advance_paid\":\"5000\",\"receipt_1\":\"369      373\",\"date_1\":\"2024-04-18\",\"balance_amount\":null,\"receipt_2\":null,\"date_2\":null,\"comment\":null}', 'admin@admin.com', '2024-07-11 17:37:15', '2024-07-11 17:37:15'),
(68, 'create', '{\"_token\":\"Toul80r3S7R4JutVDxHcjkFdBAZPyfc0rdEDaw6C\",\"booking_details\":\"12\\/01\\/2025-PM\",\"name\":\"THAFSEER\",\"mobile_1\":\"1\",\"mobile_2\":null,\"address_line_1\":null,\"address_line_2\":null,\"event_type\":\"RECEPTION\",\"total_amount\":\"12000\",\"discount\":null,\"discount_by\":null,\"advance_paid\":\"3000\",\"receipt_1\":\"382\",\"date_1\":\"0024-04-25\",\"balance_amount\":null,\"receipt_2\":null,\"date_2\":null,\"comment\":null}', 'admin@admin.com', '2024-07-11 18:01:28', '2024-07-11 18:01:28'),
(69, 'create', '{\"_token\":\"D4bEYe0niq3w90p3UcbJd54e0snL9f1d4hY9MmcV\",\"booking_details\":\"20\\/12\\/2025-PM,21\\/12\\/2025-PM\",\"name\":\"THAHA\",\"mobile_1\":\"1\",\"mobile_2\":null,\"address_line_1\":null,\"address_line_2\":null,\"event_type\":\"MYL\\/REC\",\"total_amount\":\"23000\",\"discount\":null,\"discount_by\":null,\"advance_paid\":\"8000\",\"receipt_1\":\"451\",\"date_1\":\"2024-05-12\",\"balance_amount\":null,\"receipt_2\":null,\"date_2\":null,\"comment\":null}', 'admin@admin.com', '2024-07-13 13:17:20', '2024-07-13 13:17:20'),
(70, 'create', '{\"_token\":\"D4bEYe0niq3w90p3UcbJd54e0snL9f1d4hY9MmcV\",\"booking_details\":\"25\\/08\\/2024-AM\",\"name\":\"DAWOOD P\",\"mobile_1\":\"1\",\"mobile_2\":null,\"address_line_1\":null,\"address_line_2\":null,\"event_type\":\"NIKAH\",\"total_amount\":\"15000\",\"discount\":null,\"discount_by\":null,\"advance_paid\":\"2000\",\"receipt_1\":\"452\",\"date_1\":\"0024-05-13\",\"balance_amount\":null,\"receipt_2\":null,\"date_2\":null,\"comment\":null}', 'admin@admin.com', '2024-07-13 13:25:23', '2024-07-13 13:25:23'),
(71, 'create', '{\"_token\":\"D4bEYe0niq3w90p3UcbJd54e0snL9f1d4hY9MmcV\",\"booking_details\":\"24\\/11\\/2024-PM\",\"name\":\"SAINUDHEEN\",\"mobile_1\":\"1\",\"mobile_2\":null,\"address_line_1\":null,\"address_line_2\":null,\"event_type\":\"WEDDING RECEPTION\",\"total_amount\":\"13000\",\"discount\":null,\"discount_by\":null,\"advance_paid\":\"2000\",\"receipt_1\":\"456\",\"date_1\":\"0024-05-14\",\"balance_amount\":null,\"receipt_2\":null,\"date_2\":null,\"comment\":null}', 'admin@admin.com', '2024-07-13 13:28:38', '2024-07-13 13:28:38'),
(72, 'create', '{\"_token\":\"D4bEYe0niq3w90p3UcbJd54e0snL9f1d4hY9MmcV\",\"booking_details\":\"23\\/10\\/2024-PM\",\"name\":\"ABDUL SATHAR AYUB\",\"mobile_1\":\"1\",\"mobile_2\":null,\"address_line_1\":null,\"address_line_2\":null,\"event_type\":\"PEETI\",\"total_amount\":\"8000\",\"discount\":null,\"discount_by\":null,\"advance_paid\":\"1000\",\"receipt_1\":\"463\",\"date_1\":\"0024-05-18\",\"balance_amount\":null,\"receipt_2\":null,\"date_2\":null,\"comment\":null}', 'admin@admin.com', '2024-07-13 14:05:11', '2024-07-13 14:05:11'),
(73, 'create', '{\"_token\":\"D4bEYe0niq3w90p3UcbJd54e0snL9f1d4hY9MmcV\",\"booking_details\":\"21\\/09\\/2024-PM\",\"name\":\"AMEER ALI\",\"mobile_1\":\"1\",\"mobile_2\":null,\"address_line_1\":null,\"address_line_2\":null,\"event_type\":\"MYLANCHI\",\"total_amount\":\"12000\",\"discount\":null,\"discount_by\":null,\"advance_paid\":\"5000\",\"receipt_1\":\"465\",\"date_1\":\"2024-05-18\",\"balance_amount\":null,\"receipt_2\":null,\"date_2\":null,\"comment\":null}', 'admin@admin.com', '2024-07-13 14:12:48', '2024-07-13 14:12:48'),
(74, 'create', '{\"_token\":\"D4bEYe0niq3w90p3UcbJd54e0snL9f1d4hY9MmcV\",\"booking_details\":\"24\\/12\\/2024-PM\",\"name\":\"HANEEF\",\"mobile_1\":\"9846433367\",\"mobile_2\":null,\"address_line_1\":null,\"address_line_2\":null,\"event_type\":\"MYLANCHI\",\"total_amount\":\"10000\",\"discount\":null,\"discount_by\":null,\"advance_paid\":\"4000\",\"receipt_1\":\"467\",\"date_1\":\"2024-05-18\",\"balance_amount\":null,\"receipt_2\":null,\"date_2\":null,\"comment\":null}', 'admin@admin.com', '2024-07-13 14:21:43', '2024-07-13 14:21:43'),
(75, 'create', '{\"_token\":\"D4bEYe0niq3w90p3UcbJd54e0snL9f1d4hY9MmcV\",\"booking_details\":\"13\\/10\\/2024-PM\",\"name\":\"THOYIB\",\"mobile_1\":\"1\",\"mobile_2\":null,\"address_line_1\":null,\"address_line_2\":null,\"event_type\":\"WEDDING RECEPTION\",\"total_amount\":\"13000\",\"discount\":null,\"discount_by\":null,\"advance_paid\":\"5000\",\"receipt_1\":\"468\",\"date_1\":\"2024-05-18\",\"balance_amount\":null,\"receipt_2\":null,\"date_2\":null,\"comment\":null}', 'admin@admin.com', '2024-07-13 14:23:54', '2024-07-13 14:23:54'),
(76, 'create', '{\"_token\":\"lglsKtFMaWuizELSgFhNSmfpwbTEvPnHYSc7IQZb\",\"booking_details\":\"27\\/09\\/2025-PM,28\\/09\\/2025-AM\",\"name\":\"SAIFUDHEEN\",\"mobile_1\":\"1\",\"mobile_2\":null,\"address_line_1\":null,\"address_line_2\":null,\"event_type\":\"MYL\\/NIKAH\",\"total_amount\":\"23000\",\"discount\":null,\"discount_by\":null,\"advance_paid\":\"6000\",\"receipt_1\":\"484\",\"date_1\":\"2024-05-30\",\"balance_amount\":null,\"receipt_2\":null,\"date_2\":null,\"comment\":null}', 'admin@admin.com', '2024-07-15 12:59:12', '2024-07-15 12:59:12'),
(77, 'create', '{\"_token\":\"lglsKtFMaWuizELSgFhNSmfpwbTEvPnHYSc7IQZb\",\"booking_details\":\"18\\/01\\/2025-PM,19\\/01\\/2025-AM\",\"name\":\"SHAHUL\",\"mobile_1\":\"1\",\"mobile_2\":null,\"address_line_1\":null,\"address_line_2\":null,\"event_type\":\"MYL\\/NKH\",\"total_amount\":\"23000\",\"discount\":null,\"discount_by\":null,\"advance_paid\":\"5000\",\"receipt_1\":\"496\",\"date_1\":\"2024-06-10\",\"balance_amount\":null,\"receipt_2\":null,\"date_2\":null,\"comment\":null}', 'admin@admin.com', '2024-07-15 13:06:47', '2024-07-15 13:06:47'),
(78, 'create', '{\"_token\":\"lglsKtFMaWuizELSgFhNSmfpwbTEvPnHYSc7IQZb\",\"booking_details\":\"21\\/12\\/2024-PM,22\\/12\\/2024-AM\",\"name\":\"NAUFAL\",\"mobile_1\":\"7736216151\",\"mobile_2\":null,\"address_line_1\":null,\"address_line_2\":null,\"event_type\":\"MYL\\/NKH\",\"total_amount\":\"23000\",\"discount\":null,\"discount_by\":null,\"advance_paid\":\"6000\",\"receipt_1\":\"499\",\"date_1\":\"2024-06-11\",\"balance_amount\":null,\"receipt_2\":null,\"date_2\":null,\"comment\":null}', 'admin@admin.com', '2024-07-15 13:48:07', '2024-07-15 13:48:07'),
(79, 'create', '{\"_token\":\"lglsKtFMaWuizELSgFhNSmfpwbTEvPnHYSc7IQZb\",\"booking_details\":\"30\\/12\\/2024-PM,31\\/12\\/2024-AM\",\"name\":\"ELIAS\",\"mobile_1\":\"9048395887\",\"mobile_2\":null,\"address_line_1\":null,\"address_line_2\":null,\"event_type\":\"MYL\\/WED\",\"total_amount\":\"23000\",\"discount\":null,\"discount_by\":null,\"advance_paid\":\"6000\",\"receipt_1\":\"508\",\"date_1\":\"2024-06-20\",\"balance_amount\":null,\"receipt_2\":null,\"date_2\":null,\"comment\":null}', 'admin@admin.com', '2024-07-15 13:54:50', '2024-07-15 13:54:50'),
(80, 'create', '{\"_token\":\"lglsKtFMaWuizELSgFhNSmfpwbTEvPnHYSc7IQZb\",\"booking_details\":\"07\\/09\\/2024-AM\",\"name\":\"RAFIQ\",\"mobile_1\":\"9995009418\",\"mobile_2\":null,\"address_line_1\":null,\"address_line_2\":null,\"event_type\":\"ENGAGEMENT\",\"total_amount\":\"1\",\"discount\":null,\"discount_by\":null,\"advance_paid\":\"2000\",\"receipt_1\":\"509\",\"date_1\":\"2024-06-21\",\"balance_amount\":null,\"receipt_2\":null,\"date_2\":null,\"comment\":null}', 'admin@admin.com', '2024-07-15 13:57:33', '2024-07-15 13:57:33'),
(81, 'create', '{\"_token\":\"lglsKtFMaWuizELSgFhNSmfpwbTEvPnHYSc7IQZb\",\"booking_details\":\"07\\/05\\/2025-PM,08\\/05\\/2025-AM\",\"name\":\"SUBAIR\",\"mobile_1\":\"1\",\"mobile_2\":null,\"address_line_1\":null,\"address_line_2\":null,\"event_type\":\"MYL\\/NKH\",\"total_amount\":\"23000\",\"discount\":null,\"discount_by\":null,\"advance_paid\":\"5000\",\"receipt_1\":\"510\",\"date_1\":\"2024-06-21\",\"balance_amount\":null,\"receipt_2\":null,\"date_2\":null,\"comment\":null}', 'admin@admin.com', '2024-07-15 14:01:19', '2024-07-15 14:01:19'),
(82, 'create', '{\"_token\":\"lglsKtFMaWuizELSgFhNSmfpwbTEvPnHYSc7IQZb\",\"booking_details\":\"16\\/11\\/2024-PM\",\"name\":\"RAJU\",\"mobile_1\":\"9747721254\",\"mobile_2\":null,\"address_line_1\":null,\"address_line_2\":null,\"event_type\":\"WED EVE\",\"total_amount\":\"12000\",\"discount\":null,\"discount_by\":null,\"advance_paid\":\"2000\",\"receipt_1\":\"515\",\"date_1\":\"2024-06-29\",\"balance_amount\":null,\"receipt_2\":null,\"date_2\":null,\"comment\":null}', 'admin@admin.com', '2024-07-15 14:06:34', '2024-07-15 14:06:34'),
(83, 'update', '{\"_method\":\"PUT\",\"_token\":\"lglsKtFMaWuizELSgFhNSmfpwbTEvPnHYSc7IQZb\",\"booking_details\":\"14\\/07\\/2024-PM\",\"id\":\"9c75006e-5311-4870-99eb-cf57e29eb3d7\",\"name\":\"NASSAR\",\"mobile_1\":\"9895950302\",\"mobile_2\":null,\"address_line_1\":null,\"address_line_2\":null,\"event_type\":\"WEDDING RECEPTION\",\"total_amount\":\"12000\",\"discount\":null,\"discount_by\":null,\"advance_paid\":\"3500\",\"receipt_1\":\"516\",\"date_1\":\"2024-07-14\",\"balance_amount\":null,\"receipt_2\":null,\"date_2\":null,\"comment\":null}', 'admin@admin.com', '2024-07-15 14:16:39', '2024-07-15 14:16:39'),
(84, 'update', '{\"_method\":\"PUT\",\"_token\":\"lglsKtFMaWuizELSgFhNSmfpwbTEvPnHYSc7IQZb\",\"booking_details\":\"14\\/07\\/2024-AM\",\"id\":\"9c74ffc9-9c30-46e0-bc94-04b1f30e3161\",\"name\":\"KUNJUMOHAMMED\",\"mobile_1\":\"9847474891\",\"mobile_2\":null,\"address_line_1\":null,\"address_line_2\":null,\"event_type\":\"HOUSE WARMING\",\"total_amount\":\"13000\",\"discount\":null,\"discount_by\":null,\"advance_paid\":\"2000\",\"receipt_1\":\"518\",\"date_1\":\"2024-07-01\",\"balance_amount\":null,\"receipt_2\":null,\"date_2\":null,\"comment\":null}', 'admin@admin.com', '2024-07-15 14:23:44', '2024-07-15 14:23:44'),
(85, 'create', '{\"_token\":\"eSS7qprS4LY3NG2tXl17kMgBOFuk5aNITgrbXQ7X\",\"booking_details\":\"25\\/01\\/2025-PM,26\\/01\\/2025-AM\",\"name\":\"ARSHAD\",\"mobile_1\":\"1\",\"mobile_2\":null,\"address_line_1\":null,\"address_line_2\":null,\"event_type\":\"MYL\\/NIKAH\",\"total_amount\":\"23000\",\"discount\":null,\"discount_by\":null,\"advance_paid\":\"6000\",\"receipt_1\":\"521\",\"date_1\":\"2024-07-02\",\"balance_amount\":null,\"receipt_2\":null,\"date_2\":null,\"comment\":null}', 'admin@admin.com', '2024-07-15 17:34:01', '2024-07-15 17:34:01'),
(86, 'create', '{\"_token\":\"eSS7qprS4LY3NG2tXl17kMgBOFuk5aNITgrbXQ7X\",\"booking_details\":\"25\\/12\\/2024-AM\",\"name\":\"YAHIYA\",\"mobile_1\":\"8304009073\",\"mobile_2\":null,\"address_line_1\":null,\"address_line_2\":null,\"event_type\":\"NIKAH\",\"total_amount\":\"12000\",\"discount\":null,\"discount_by\":null,\"advance_paid\":\"5000\",\"receipt_1\":\"522\",\"date_1\":\"2024-07-04\",\"balance_amount\":null,\"receipt_2\":null,\"date_2\":null,\"comment\":null}', 'admin@admin.com', '2024-07-15 17:40:08', '2024-07-15 17:40:08'),
(87, 'create', '{\"_token\":\"eSS7qprS4LY3NG2tXl17kMgBOFuk5aNITgrbXQ7X\",\"booking_details\":\"14\\/06\\/2025-PM,16\\/06\\/2025-PM\",\"name\":\"ABDUL GAFOOR\",\"mobile_1\":\"1\",\"mobile_2\":null,\"address_line_1\":null,\"address_line_2\":null,\"event_type\":\"MYLANCHI\\/RECEPTION\",\"total_amount\":\"20000\",\"discount\":null,\"discount_by\":null,\"advance_paid\":\"3000\",\"receipt_1\":\"523\",\"date_1\":\"2024-07-05\",\"balance_amount\":null,\"receipt_2\":null,\"date_2\":null,\"comment\":null}', 'admin@admin.com', '2024-07-15 17:46:52', '2024-07-15 17:46:52'),
(88, 'update', '{\"_method\":\"PUT\",\"_token\":\"eSS7qprS4LY3NG2tXl17kMgBOFuk5aNITgrbXQ7X\",\"booking_details\":\"04\\/07\\/2024-PM\",\"id\":\"9c72fca5-dd63-4f84-a7f9-78083c962fa6\",\"name\":\"KRIPA THANAL\",\"mobile_1\":\"1\",\"mobile_2\":null,\"address_line_1\":null,\"address_line_2\":null,\"event_type\":\"MEETING\",\"total_amount\":\"2000\",\"discount\":null,\"discount_by\":null,\"advance_paid\":\"2000\",\"receipt_1\":\"524\",\"date_1\":\"2024-07-02\",\"balance_amount\":null,\"receipt_2\":null,\"date_2\":null,\"comment\":null}', 'admin@admin.com', '2024-07-15 17:48:15', '2024-07-15 17:48:15'),
(89, 'update', '{\"_method\":\"PUT\",\"_token\":\"eSS7qprS4LY3NG2tXl17kMgBOFuk5aNITgrbXQ7X\",\"booking_details\":\"05\\/07\\/2024-PM\",\"id\":\"9c72fdbf-fdc2-4ff9-ac94-dc3ebb067239\",\"name\":\"AL FITHRA SCHOOL\",\"mobile_1\":\"1\",\"mobile_2\":null,\"address_line_1\":null,\"address_line_2\":null,\"event_type\":\"MEETING\",\"total_amount\":\"2500\",\"discount\":null,\"discount_by\":null,\"advance_paid\":\"2500\",\"receipt_1\":\"525\",\"date_1\":\"2024-07-05\",\"balance_amount\":null,\"receipt_2\":null,\"date_2\":null,\"comment\":null}', 'admin@admin.com', '2024-07-15 18:02:54', '2024-07-15 18:02:54'),
(90, 'update', '{\"_method\":\"PUT\",\"_token\":\"eSS7qprS4LY3NG2tXl17kMgBOFuk5aNITgrbXQ7X\",\"booking_details\":\"07\\/07\\/2024-PM\",\"id\":\"9c74fb49-06aa-43fd-9604-890678ccc3fa\",\"name\":\"NAUSHAD\",\"mobile_1\":\"9947662695\",\"mobile_2\":null,\"address_line_1\":null,\"address_line_2\":null,\"event_type\":\"RECEPTION\",\"total_amount\":\"12000\",\"discount\":\"1000\",\"discount_by\":\"RAASHID SEC.\",\"advance_paid\":\"3000\",\"receipt_1\":\"448\",\"date_1\":\"2024-07-07\",\"balance_amount\":\"8000\",\"receipt_2\":\"526\",\"date_2\":\"2024-07-07\",\"comment\":null}', 'admin@admin.com', '2024-07-15 18:17:23', '2024-07-15 18:17:23'),
(91, 'cancel', '{\"_token\":\"f0spw3HtKdGHCuQVwBQiuBiala5lZIITTnpvI6lP\",\"_method\":\"DELETE\",\"id\":\"9c87183e-8eb1-43d0-a2e8-c2678bbb5789\",\"cancellation_amount\":\"0\"}', 'admin@admin.com', '2024-07-16 12:58:23', '2024-07-16 12:58:23'),
(92, 'create', '{\"_token\":\"f0spw3HtKdGHCuQVwBQiuBiala5lZIITTnpvI6lP\",\"booking_details\":\"14\\/06\\/2025-PM,15\\/06\\/2025-PM\",\"name\":\"ABDUL GAFOOR\",\"mobile_1\":\"9747848266\",\"mobile_2\":null,\"address_line_1\":null,\"address_line_2\":null,\"event_type\":\"MYL\\/REC\",\"total_amount\":\"20000\",\"discount\":null,\"discount_by\":null,\"advance_paid\":\"3000\",\"receipt_1\":\"523\",\"date_1\":\"2024-07-05\",\"balance_amount\":null,\"receipt_2\":null,\"date_2\":null,\"comment\":null}', 'admin@admin.com', '2024-07-16 13:10:44', '2024-07-16 13:10:44'),
(93, 'create', '{\"_token\":\"f0spw3HtKdGHCuQVwBQiuBiala5lZIITTnpvI6lP\",\"booking_details\":\"01\\/11\\/2024-PM\",\"name\":\"SHAKEER\",\"mobile_1\":\"8589973354\",\"mobile_2\":null,\"address_line_1\":null,\"address_line_2\":null,\"event_type\":\"MYLANCHI\",\"total_amount\":\"7000\",\"discount\":null,\"discount_by\":null,\"advance_paid\":\"2000\",\"receipt_1\":\"527\",\"date_1\":\"2024-07-08\",\"balance_amount\":null,\"receipt_2\":null,\"date_2\":null,\"comment\":null}', 'admin@admin.com', '2024-07-16 13:19:23', '2024-07-16 13:19:23'),
(94, 'update', '{\"_method\":\"PUT\",\"_token\":\"f0spw3HtKdGHCuQVwBQiuBiala5lZIITTnpvI6lP\",\"booking_details\":\"02\\/07\\/2024-AM\",\"id\":\"9c72f5f9-e78f-42e2-8dc1-7cc8359fa989\",\"name\":\"JOOSADDAH\",\"mobile_1\":\"11\",\"mobile_2\":null,\"address_line_1\":null,\"address_line_2\":null,\"event_type\":\"SATHADA\",\"total_amount\":\"4000\",\"discount\":null,\"discount_by\":null,\"advance_paid\":\"0\",\"receipt_1\":\"0\",\"date_1\":\"2024-07-02\",\"balance_amount\":\"4000\",\"receipt_2\":\"528\",\"date_2\":\"2024-07-02\",\"comment\":null}', 'admin@admin.com', '2024-07-16 13:34:23', '2024-07-16 13:34:23'),
(95, 'create', '{\"_token\":\"RXbamuDBcaasY3x4e7y1es4QQ6t6hNk7uKlEii68\",\"booking_details\":\"02\\/11\\/2024-PM,03\\/11\\/2024-AM\",\"name\":\"LAILA SAINUDHEEN\",\"mobile_1\":\"9387170493\",\"mobile_2\":null,\"address_line_1\":null,\"address_line_2\":null,\"event_type\":\"MEH\\/WED\",\"total_amount\":\"1\",\"discount\":null,\"discount_by\":null,\"advance_paid\":\"1\",\"receipt_1\":\"1\",\"date_1\":\"2024-07-17\",\"balance_amount\":null,\"receipt_2\":null,\"date_2\":null,\"comment\":null}', 'admin@admin.com', '2024-07-17 17:29:24', '2024-07-17 17:29:24'),
(96, 'update', '{\"_method\":\"PUT\",\"_token\":\"RXbamuDBcaasY3x4e7y1es4QQ6t6hNk7uKlEii68\",\"booking_details\":\"03\\/07\\/2024-PM\",\"id\":\"9c72fc16-b77c-461d-9f5c-7c8de07671aa\",\"name\":\"VOICE OF KOCHI\",\"mobile_1\":\"1\",\"mobile_2\":null,\"address_line_1\":null,\"address_line_2\":null,\"event_type\":\"MEETING\",\"total_amount\":\"2000\",\"discount\":null,\"discount_by\":null,\"advance_paid\":\"2000\",\"receipt_1\":\"529\",\"date_1\":\"2024-07-01\",\"balance_amount\":null,\"receipt_2\":null,\"date_2\":null,\"comment\":null}', 'admin@admin.com', '2024-07-17 17:31:49', '2024-07-17 17:31:49'),
(97, 'cancel', '{\"_token\":\"RXbamuDBcaasY3x4e7y1es4QQ6t6hNk7uKlEii68\",\"_method\":\"DELETE\",\"id\":\"9c74fc22-2349-49d6-a2ef-fa1f708ff8fe\",\"cancellation_amount\":\"0\"}', 'admin@admin.com', '2024-07-17 17:32:53', '2024-07-17 17:32:53'),
(98, 'cancel', '{\"_token\":\"RXbamuDBcaasY3x4e7y1es4QQ6t6hNk7uKlEii68\",\"_method\":\"DELETE\",\"id\":\"9c74fc7f-2c1d-4370-be0a-b3f443ee3037\",\"cancellation_amount\":\"0\"}', 'admin@admin.com', '2024-07-17 17:33:05', '2024-07-17 17:33:05'),
(99, 'create', '{\"_token\":\"RXbamuDBcaasY3x4e7y1es4QQ6t6hNk7uKlEii68\",\"booking_details\":\"10\\/07\\/2024-PM\",\"name\":\"ASHRAF\",\"mobile_1\":\"9846050404\",\"mobile_2\":null,\"address_line_1\":null,\"address_line_2\":null,\"event_type\":\"MYLANCHI\",\"total_amount\":\"12000\",\"discount\":\"2000\",\"discount_by\":null,\"advance_paid\":\"2000\",\"receipt_1\":\"215\",\"date_1\":\"2024-07-10\",\"balance_amount\":\"8000\",\"receipt_2\":\"530\",\"date_2\":\"2024-07-10\",\"comment\":null}', 'admin@admin.com', '2024-07-17 18:11:30', '2024-07-17 18:11:30');
INSERT INTO `logs` (`id`, `level`, `message`, `context`, `created_at`, `updated_at`) VALUES
(100, 'create', '{\"_token\":\"RXbamuDBcaasY3x4e7y1es4QQ6t6hNk7uKlEii68\",\"booking_details\":\"12\\/08\\/2024-PM\",\"name\":\"NAJEEB\",\"mobile_1\":\"1\",\"mobile_2\":null,\"address_line_1\":null,\"address_line_2\":null,\"event_type\":\"MEETING & KAROKE\",\"total_amount\":\"10000\",\"discount\":null,\"discount_by\":null,\"advance_paid\":\"1000\",\"receipt_1\":\"531\",\"date_1\":\"2024-07-14\",\"balance_amount\":null,\"receipt_2\":null,\"date_2\":null,\"comment\":null}', 'admin@admin.com', '2024-07-17 18:15:53', '2024-07-17 18:15:53'),
(101, 'update', '{\"_method\":\"PUT\",\"_token\":\"RXbamuDBcaasY3x4e7y1es4QQ6t6hNk7uKlEii68\",\"booking_details\":\"12\\/07\\/2024-PM\",\"id\":\"9c74fce9-8394-42ca-b933-de2a9d092d36\",\"name\":\"ASHRAF COUNCILLOR\",\"mobile_1\":\"1\",\"mobile_2\":null,\"address_line_1\":null,\"address_line_2\":null,\"event_type\":\"MEETING\",\"total_amount\":\"2000\",\"discount\":null,\"discount_by\":null,\"advance_paid\":\"2000\",\"receipt_1\":\"532\",\"date_1\":\"2024-07-05\",\"balance_amount\":null,\"receipt_2\":null,\"date_2\":null,\"comment\":null}', 'admin@admin.com', '2024-07-17 18:17:41', '2024-07-17 18:17:41'),
(102, 'update', '{\"_method\":\"PUT\",\"_token\":\"RXbamuDBcaasY3x4e7y1es4QQ6t6hNk7uKlEii68\",\"booking_details\":\"14\\/07\\/2024-AM\",\"id\":\"9c74ffc9-9c30-46e0-bc94-04b1f30e3161\",\"name\":\"KUNJUMOHAMMED\",\"mobile_1\":\"9847474891\",\"mobile_2\":null,\"address_line_1\":null,\"address_line_2\":null,\"event_type\":\"HOUSE WARMING\",\"total_amount\":\"12000\",\"discount\":null,\"discount_by\":null,\"advance_paid\":\"2000\",\"receipt_1\":\"518\",\"date_1\":\"2024-07-01\",\"balance_amount\":\"10000\",\"receipt_2\":\"533\",\"date_2\":\"2024-07-14\",\"comment\":null}', 'admin@admin.com', '2024-07-17 18:19:55', '2024-07-17 18:19:55'),
(103, 'cancel', '{\"_token\":\"RXbamuDBcaasY3x4e7y1es4QQ6t6hNk7uKlEii68\",\"_method\":\"DELETE\",\"id\":\"9c74fd5f-db6b-4cca-b88c-3eed293e41c0\",\"cancellation_amount\":\"0\"}', 'admin@admin.com', '2024-07-17 18:21:00', '2024-07-17 18:21:00'),
(104, 'cancel', '{\"_token\":\"RXbamuDBcaasY3x4e7y1es4QQ6t6hNk7uKlEii68\",\"_method\":\"DELETE\",\"id\":\"9c75006e-5311-4870-99eb-cf57e29eb3d7\",\"cancellation_amount\":\"0\"}', 'admin@admin.com', '2024-07-17 18:21:10', '2024-07-17 18:21:10'),
(105, 'create', '{\"_token\":\"RXbamuDBcaasY3x4e7y1es4QQ6t6hNk7uKlEii68\",\"booking_details\":\"13\\/07\\/2024-PM,14\\/07\\/2024-PM\",\"name\":\"NASSAR\",\"mobile_1\":\"9895950302\",\"mobile_2\":null,\"address_line_1\":null,\"address_line_2\":null,\"event_type\":\"MEH\\/REC\",\"total_amount\":\"20000\",\"discount\":null,\"discount_by\":null,\"advance_paid\":\"3500\",\"receipt_1\":\"516\",\"date_1\":\"2024-06-30\",\"balance_amount\":\"16500\",\"receipt_2\":\"534\",\"date_2\":\"2024-07-14\",\"comment\":null}', 'admin@admin.com', '2024-07-17 18:24:18', '2024-07-17 18:24:18'),
(106, 'create', '{\"_token\":\"yp1XkSI4LcdG2NsJTNoWEXVa7S5rNoLQxJKxyUJR\",\"booking_details\":\"22\\/07\\/2024-PM\",\"name\":\"HARRIS ABU\",\"mobile_1\":\"1\",\"mobile_2\":null,\"address_line_1\":null,\"address_line_2\":null,\"event_type\":\"E\",\"total_amount\":\"1\",\"discount\":null,\"discount_by\":null,\"advance_paid\":\"1\",\"receipt_1\":\"1\",\"date_1\":\"2024-07-22\",\"balance_amount\":null,\"receipt_2\":null,\"date_2\":null,\"comment\":null}', 'admin@admin.com', '2024-07-18 12:17:28', '2024-07-18 12:17:28'),
(107, 'create', '{\"_token\":\"yp1XkSI4LcdG2NsJTNoWEXVa7S5rNoLQxJKxyUJR\",\"booking_details\":\"23\\/07\\/2024-PM\",\"name\":\"SALIM SHAKOOR\",\"mobile_1\":\"1\",\"mobile_2\":null,\"address_line_1\":null,\"address_line_2\":null,\"event_type\":\"MEETING\",\"total_amount\":\"1\",\"discount\":null,\"discount_by\":null,\"advance_paid\":\"1\",\"receipt_1\":\"1\",\"date_1\":\"2024-07-23\",\"balance_amount\":null,\"receipt_2\":null,\"date_2\":null,\"comment\":null}', 'admin@admin.com', '2024-07-18 12:18:29', '2024-07-18 12:18:29'),
(108, 'create', '{\"_token\":\"yp1XkSI4LcdG2NsJTNoWEXVa7S5rNoLQxJKxyUJR\",\"booking_details\":\"31\\/07\\/2024-PM\",\"name\":\"CMJ\",\"mobile_1\":\"1\",\"mobile_2\":null,\"address_line_1\":null,\"address_line_2\":null,\"event_type\":\"MEETING\",\"total_amount\":\"1\",\"discount\":null,\"discount_by\":null,\"advance_paid\":\"1\",\"receipt_1\":\"1\",\"date_1\":\"2024-07-31\",\"balance_amount\":null,\"receipt_2\":null,\"date_2\":null,\"comment\":null}', 'admin@admin.com', '2024-07-18 12:20:17', '2024-07-18 12:20:17'),
(109, 'create', '{\"_token\":\"yp1XkSI4LcdG2NsJTNoWEXVa7S5rNoLQxJKxyUJR\",\"booking_details\":\"05\\/08\\/2024-PM\",\"name\":\"BABU\",\"mobile_1\":\"1\",\"mobile_2\":null,\"address_line_1\":null,\"address_line_2\":null,\"event_type\":\"PEETTI\",\"total_amount\":\"1\",\"discount\":null,\"discount_by\":null,\"advance_paid\":\"1\",\"receipt_1\":\"1\",\"date_1\":\"2024-08-05\",\"balance_amount\":null,\"receipt_2\":null,\"date_2\":null,\"comment\":null}', 'admin@admin.com', '2024-07-18 12:22:05', '2024-07-18 12:22:05'),
(110, 'create', '{\"_token\":\"yp1XkSI4LcdG2NsJTNoWEXVa7S5rNoLQxJKxyUJR\",\"booking_details\":\"06\\/08\\/2024-PM\",\"name\":\"CMJ AGM\",\"mobile_1\":\"1\",\"mobile_2\":null,\"address_line_1\":null,\"address_line_2\":null,\"event_type\":\"MEETING\",\"total_amount\":\"1\",\"discount\":null,\"discount_by\":null,\"advance_paid\":\"1\",\"receipt_1\":\"1\",\"date_1\":\"2024-08-06\",\"balance_amount\":null,\"receipt_2\":null,\"date_2\":null,\"comment\":null}', 'admin@admin.com', '2024-07-18 12:23:03', '2024-07-18 12:23:03'),
(111, 'create', '{\"_token\":\"yp1XkSI4LcdG2NsJTNoWEXVa7S5rNoLQxJKxyUJR\",\"booking_details\":\"07\\/08\\/2024-PM\",\"name\":\"BABU\",\"mobile_1\":\"1\",\"mobile_2\":null,\"address_line_1\":null,\"address_line_2\":null,\"event_type\":\"MYLANCHI\",\"total_amount\":\"1\",\"discount\":null,\"discount_by\":null,\"advance_paid\":\"1\",\"receipt_1\":\"1\",\"date_1\":\"2024-08-07\",\"balance_amount\":null,\"receipt_2\":null,\"date_2\":null,\"comment\":null}', 'admin@admin.com', '2024-07-18 12:24:10', '2024-07-18 12:24:10'),
(112, 'create', '{\"_token\":\"yp1XkSI4LcdG2NsJTNoWEXVa7S5rNoLQxJKxyUJR\",\"booking_details\":\"08\\/08\\/2024-PM\",\"name\":\"ABDUL JAMAL\",\"mobile_1\":\"1\",\"mobile_2\":null,\"address_line_1\":null,\"address_line_2\":null,\"event_type\":\"MYLANCHI\",\"total_amount\":\"1\",\"discount\":null,\"discount_by\":null,\"advance_paid\":\"1\",\"receipt_1\":\"1\",\"date_1\":\"2024-08-08\",\"balance_amount\":null,\"receipt_2\":null,\"date_2\":null,\"comment\":null}', 'admin@admin.com', '2024-07-18 12:25:30', '2024-07-18 12:25:30'),
(113, 'create', '{\"_token\":\"yp1XkSI4LcdG2NsJTNoWEXVa7S5rNoLQxJKxyUJR\",\"booking_details\":\"10\\/08\\/2024-PM,11\\/08\\/2024-AM\",\"name\":\"NOORMOHAMMED\",\"mobile_1\":\"1\",\"mobile_2\":null,\"address_line_1\":null,\"address_line_2\":null,\"event_type\":\"E\",\"total_amount\":\"1\",\"discount\":null,\"discount_by\":null,\"advance_paid\":\"1\",\"receipt_1\":\"1\",\"date_1\":\"2024-08-11\",\"balance_amount\":null,\"receipt_2\":null,\"date_2\":null,\"comment\":null}', 'admin@admin.com', '2024-07-18 12:26:57', '2024-07-18 12:26:57'),
(114, 'create', '{\"_token\":\"yp1XkSI4LcdG2NsJTNoWEXVa7S5rNoLQxJKxyUJR\",\"booking_details\":\"17\\/08\\/2024-AM\",\"name\":\"SUNITHA SAMEER\",\"mobile_1\":\"1\",\"mobile_2\":null,\"address_line_1\":null,\"address_line_2\":null,\"event_type\":\"E\",\"total_amount\":\"1\",\"discount\":null,\"discount_by\":null,\"advance_paid\":\"1\",\"receipt_1\":\"1\",\"date_1\":\"2024-08-17\",\"balance_amount\":null,\"receipt_2\":null,\"date_2\":null,\"comment\":null}', 'admin@admin.com', '2024-07-18 12:35:35', '2024-07-18 12:35:35'),
(115, 'create', '{\"_token\":\"yp1XkSI4LcdG2NsJTNoWEXVa7S5rNoLQxJKxyUJR\",\"booking_details\":\"17\\/08\\/2024-PM,18\\/08\\/2024-PM\",\"name\":\"RAMLA\",\"mobile_1\":\"9847283620\",\"mobile_2\":null,\"address_line_1\":null,\"address_line_2\":null,\"event_type\":\"MYL\\/WED\",\"total_amount\":\"1\",\"discount\":null,\"discount_by\":null,\"advance_paid\":\"1\",\"receipt_1\":\"1\",\"date_1\":\"2024-08-18\",\"balance_amount\":null,\"receipt_2\":null,\"date_2\":null,\"comment\":null}', 'admin@admin.com', '2024-07-18 12:38:18', '2024-07-18 12:38:18'),
(116, 'create', '{\"_token\":\"yp1XkSI4LcdG2NsJTNoWEXVa7S5rNoLQxJKxyUJR\",\"booking_details\":\"19\\/07\\/2024-AM,19\\/07\\/2024-PM\",\"name\":\"SAINUDHDEEN\",\"mobile_1\":\"9539904060\",\"mobile_2\":null,\"address_line_1\":null,\"address_line_2\":null,\"event_type\":\"E\",\"total_amount\":\"1\",\"discount\":null,\"discount_by\":null,\"advance_paid\":\"1\",\"receipt_1\":\"1\",\"date_1\":\"2024-08-19\",\"balance_amount\":null,\"receipt_2\":null,\"date_2\":null,\"comment\":null}', 'admin@admin.com', '2024-07-18 12:40:43', '2024-07-18 12:40:43'),
(117, 'create', '{\"_token\":\"yp1XkSI4LcdG2NsJTNoWEXVa7S5rNoLQxJKxyUJR\",\"booking_details\":\"24\\/08\\/2024-AM\",\"name\":\"YOUNUS\",\"mobile_1\":\"7012699577\",\"mobile_2\":null,\"address_line_1\":null,\"address_line_2\":null,\"event_type\":\"ENGAGEMENT\",\"total_amount\":\"12000\",\"discount\":null,\"discount_by\":null,\"advance_paid\":\"1000\",\"receipt_1\":\"475\",\"date_1\":\"2024-08-24\",\"balance_amount\":null,\"receipt_2\":null,\"date_2\":null,\"comment\":null}', 'admin@admin.com', '2024-07-18 12:47:09', '2024-07-18 12:47:09'),
(118, 'create', '{\"_token\":\"yp1XkSI4LcdG2NsJTNoWEXVa7S5rNoLQxJKxyUJR\",\"booking_details\":\"25\\/08\\/2024-PM\",\"name\":\"MANSOOR\",\"mobile_1\":\"9633053126\",\"mobile_2\":null,\"address_line_1\":null,\"address_line_2\":null,\"event_type\":\"RECEPTION\",\"total_amount\":\"12000\",\"discount\":null,\"discount_by\":null,\"advance_paid\":\"3000\",\"receipt_1\":\"457\",\"date_1\":\"2024-05-14\",\"balance_amount\":null,\"receipt_2\":null,\"date_2\":null,\"comment\":null}', 'admin@admin.com', '2024-07-18 12:49:34', '2024-07-18 12:49:34'),
(119, 'create', '{\"_token\":\"yp1XkSI4LcdG2NsJTNoWEXVa7S5rNoLQxJKxyUJR\",\"booking_details\":\"27\\/08\\/2024-PM\",\"name\":\"ANSAR\",\"mobile_1\":\"1\",\"mobile_2\":null,\"address_line_1\":null,\"address_line_2\":null,\"event_type\":\"SAYAHANAKOOTAM\",\"total_amount\":\"1\",\"discount\":null,\"discount_by\":null,\"advance_paid\":\"1\",\"receipt_1\":\"1\",\"date_1\":\"2024-08-27\",\"balance_amount\":null,\"receipt_2\":null,\"date_2\":null,\"comment\":null}', 'admin@admin.com', '2024-07-18 12:58:37', '2024-07-18 12:58:37'),
(120, 'create', '{\"_token\":\"yp1XkSI4LcdG2NsJTNoWEXVa7S5rNoLQxJKxyUJR\",\"booking_details\":\"31\\/08\\/2024-PM\",\"name\":\"HANEEF\",\"mobile_1\":\"1\",\"mobile_2\":null,\"address_line_1\":null,\"address_line_2\":null,\"event_type\":\"E\",\"total_amount\":\"1\",\"discount\":null,\"discount_by\":null,\"advance_paid\":\"1\",\"receipt_1\":\"1\",\"date_1\":\"2024-08-31\",\"balance_amount\":null,\"receipt_2\":null,\"date_2\":null,\"comment\":null}', 'admin@admin.com', '2024-07-18 12:59:51', '2024-07-18 12:59:51'),
(121, 'cancel', '{\"_token\":\"yp1XkSI4LcdG2NsJTNoWEXVa7S5rNoLQxJKxyUJR\",\"_method\":\"DELETE\",\"id\":\"9c82c8e7-d58c-4495-8e57-ceb03ee4dedc\",\"cancellation_amount\":\"0\"}', 'admin@admin.com', '2024-07-18 13:00:15', '2024-07-18 13:00:15'),
(122, 'cancel', '{\"_token\":\"yp1XkSI4LcdG2NsJTNoWEXVa7S5rNoLQxJKxyUJR\",\"_method\":\"DELETE\",\"id\":\"9c8cba8d-02c7-4552-b959-d33a74d1ab2d\",\"cancellation_amount\":\"0\"}', 'admin@admin.com', '2024-07-18 13:00:29', '2024-07-18 13:00:29'),
(123, 'create', '{\"_token\":\"yp1XkSI4LcdG2NsJTNoWEXVa7S5rNoLQxJKxyUJR\",\"booking_details\":\"31\\/08\\/2024-PM,01\\/09\\/2024-AM\",\"name\":\"HANEEF\",\"mobile_1\":\"1\",\"mobile_2\":null,\"address_line_1\":null,\"address_line_2\":null,\"event_type\":\"MYL\\/WED\",\"total_amount\":\"1\",\"discount\":null,\"discount_by\":null,\"advance_paid\":\"1\",\"receipt_1\":\"1\",\"date_1\":\"2024-09-01\",\"balance_amount\":null,\"receipt_2\":null,\"date_2\":null,\"comment\":null}', 'admin@admin.com', '2024-07-18 13:02:42', '2024-07-18 13:02:42'),
(124, 'create', '{\"_token\":\"jlggjmLz66E1kR288dfNt5WyQLrHbG9VdzmVpzWM\",\"booking_details\":\"11\\/08\\/2024-PM\",\"name\":\"NOORMOHAMMED\",\"mobile_1\":\"1\",\"mobile_2\":null,\"address_line_1\":null,\"address_line_2\":null,\"event_type\":\"e\",\"total_amount\":\"1\",\"discount\":null,\"discount_by\":null,\"advance_paid\":\"1\",\"receipt_1\":\"1\",\"date_1\":\"2024-08-11\",\"balance_amount\":null,\"receipt_2\":null,\"date_2\":null,\"comment\":null}', 'admin@admin.com', '2024-07-18 17:14:08', '2024-07-18 17:14:08'),
(125, 'create', '{\"_token\":\"jlggjmLz66E1kR288dfNt5WyQLrHbG9VdzmVpzWM\",\"booking_details\":\"15\\/08\\/2024-AM\",\"name\":\"RAFEEQ USMAN\",\"mobile_1\":\"1\",\"mobile_2\":null,\"address_line_1\":null,\"address_line_2\":null,\"event_type\":\"E\",\"total_amount\":\"1\",\"discount\":null,\"discount_by\":null,\"advance_paid\":\"1\",\"receipt_1\":\"1\",\"date_1\":\"2024-08-15\",\"balance_amount\":null,\"receipt_2\":null,\"date_2\":null,\"comment\":null}', 'admin@admin.com', '2024-07-18 17:15:37', '2024-07-18 17:15:37'),
(126, 'create', '{\"_token\":\"jlggjmLz66E1kR288dfNt5WyQLrHbG9VdzmVpzWM\",\"booking_details\":\"11\\/09\\/2024-PM\",\"name\":\"AZEEZ ESSACK\",\"mobile_1\":\"1\",\"mobile_2\":null,\"address_line_1\":null,\"address_line_2\":null,\"event_type\":\"E\",\"total_amount\":\"1\",\"discount\":null,\"discount_by\":null,\"advance_paid\":\"1\",\"receipt_1\":\"1\",\"date_1\":\"2024-09-11\",\"balance_amount\":null,\"receipt_2\":null,\"date_2\":null,\"comment\":null}', 'admin@admin.com', '2024-07-18 17:18:56', '2024-07-18 17:18:56'),
(127, 'create', '{\"_token\":\"jlggjmLz66E1kR288dfNt5WyQLrHbG9VdzmVpzWM\",\"booking_details\":\"14\\/08\\/2024-PM\",\"name\":\"RAHIM\",\"mobile_1\":\"1\",\"mobile_2\":null,\"address_line_1\":null,\"address_line_2\":null,\"event_type\":\"E\",\"total_amount\":\"1\",\"discount\":null,\"discount_by\":null,\"advance_paid\":\"1\",\"receipt_1\":\"1\",\"date_1\":\"2024-09-14\",\"balance_amount\":null,\"receipt_2\":null,\"date_2\":null,\"comment\":null}', 'admin@admin.com', '2024-07-18 17:20:15', '2024-07-18 17:20:15'),
(128, 'create', '{\"_token\":\"jlggjmLz66E1kR288dfNt5WyQLrHbG9VdzmVpzWM\",\"booking_details\":\"14\\/09\\/2024-PM,15\\/09\\/2024-PM\",\"name\":\"RAHIM\",\"mobile_1\":\"9947317615\",\"mobile_2\":null,\"address_line_1\":null,\"address_line_2\":null,\"event_type\":\"MYL\\/REC\",\"total_amount\":\"23000\",\"discount\":null,\"discount_by\":null,\"advance_paid\":\"5000\",\"receipt_1\":\"159\",\"date_1\":\"2024-09-15\",\"balance_amount\":null,\"receipt_2\":null,\"date_2\":null,\"comment\":null}', 'admin@admin.com', '2024-07-18 17:22:33', '2024-07-18 17:22:33'),
(129, 'create', '{\"_token\":\"jlggjmLz66E1kR288dfNt5WyQLrHbG9VdzmVpzWM\",\"booking_details\":\"17\\/09\\/2024-PM\",\"name\":\"ZAKARIA SAIT ANUSMARANAM\",\"mobile_1\":\"1\",\"mobile_2\":null,\"address_line_1\":null,\"address_line_2\":null,\"event_type\":\"ANUSMARANA YOGAM\",\"total_amount\":\"1\",\"discount\":null,\"discount_by\":null,\"advance_paid\":\"1\",\"receipt_1\":\"1\",\"date_1\":\"2024-09-17\",\"balance_amount\":null,\"receipt_2\":null,\"date_2\":null,\"comment\":null}', 'admin@admin.com', '2024-07-18 17:24:12', '2024-07-18 17:24:12'),
(130, 'create', '{\"_token\":\"jlggjmLz66E1kR288dfNt5WyQLrHbG9VdzmVpzWM\",\"booking_details\":\"22\\/09\\/2024-PM\",\"name\":\"SUDHEER\",\"mobile_1\":\"9747132634\",\"mobile_2\":null,\"address_line_1\":null,\"address_line_2\":null,\"event_type\":\"RECEPTION\",\"total_amount\":\"12000\",\"discount\":null,\"discount_by\":null,\"advance_paid\":\"3000\",\"receipt_1\":\"196\",\"date_1\":\"2024-02-19\",\"balance_amount\":null,\"receipt_2\":null,\"date_2\":null,\"comment\":null}', 'admin@admin.com', '2024-07-18 17:26:03', '2024-07-18 17:26:03'),
(131, 'create', '{\"_token\":\"80bHai12nLNxo4xGbriJTpNez0PPt2d9i73MNWLr\",\"booking_details\":\"09\\/07\\/2024-PM\",\"name\":\"CONGRESS\",\"mobile_1\":\"1\",\"mobile_2\":null,\"address_line_1\":null,\"address_line_2\":null,\"event_type\":\"MEETING\",\"total_amount\":\"1000\",\"discount\":null,\"discount_by\":null,\"advance_paid\":\"1000\",\"receipt_1\":\"535\",\"date_1\":\"2024-07-08\",\"balance_amount\":null,\"receipt_2\":null,\"date_2\":null,\"comment\":null}', 'admin@admin.com', '2024-07-22 13:05:42', '2024-07-22 13:05:42'),
(132, 'cancel', '{\"_token\":\"HdryxqiozyKttm6wlNtZEBN6JNxAfDP4G6oCQMhG\",\"_method\":\"DELETE\",\"id\":\"9c8cb3b4-7793-40ba-b622-e30785b69c36\",\"cancellation_amount\":\"0\"}', 'admin@admin.com', '2024-07-22 16:58:45', '2024-07-22 16:58:45'),
(133, 'cancel', '{\"_token\":\"HdryxqiozyKttm6wlNtZEBN6JNxAfDP4G6oCQMhG\",\"_method\":\"DELETE\",\"id\":\"9c8d17ad-a8d0-43a7-96f5-1fe2cd769b62\",\"cancellation_amount\":\"0\"}', 'admin@admin.com', '2024-07-22 17:09:33', '2024-07-22 17:09:33'),
(134, 'create', '{\"_token\":\"HdryxqiozyKttm6wlNtZEBN6JNxAfDP4G6oCQMhG\",\"booking_details\":\"05\\/10\\/2024-PM,06\\/10\\/2024-AM,06\\/10\\/2024-PM\",\"name\":\"YOUSUF\",\"mobile_1\":\"8129101100\",\"mobile_2\":null,\"address_line_1\":null,\"address_line_2\":null,\"event_type\":\"MYL\\/NIKAH\\/REC\",\"total_amount\":\"1\",\"discount\":null,\"discount_by\":null,\"advance_paid\":\"1\",\"receipt_1\":\"1\",\"date_1\":\"2024-08-05\",\"balance_amount\":null,\"receipt_2\":null,\"date_2\":null,\"comment\":null}', 'admin@admin.com', '2024-07-22 17:22:18', '2024-07-22 17:22:18'),
(135, 'create', '{\"_token\":\"HdryxqiozyKttm6wlNtZEBN6JNxAfDP4G6oCQMhG\",\"booking_details\":\"12\\/10\\/2024-AM\",\"name\":\"COCHIN CORPORATION\",\"mobile_1\":\"9895591415\",\"mobile_2\":null,\"address_line_1\":null,\"address_line_2\":null,\"event_type\":\"MEETING\",\"total_amount\":\"1\",\"discount\":null,\"discount_by\":null,\"advance_paid\":\"1\",\"receipt_1\":\"1\",\"date_1\":\"2024-10-12\",\"balance_amount\":null,\"receipt_2\":null,\"date_2\":null,\"comment\":null}', 'admin@admin.com', '2024-07-22 17:27:07', '2024-07-22 17:27:07'),
(136, 'create', '{\"_token\":\"HdryxqiozyKttm6wlNtZEBN6JNxAfDP4G6oCQMhG\",\"booking_details\":\"12\\/10\\/2024-PM,13\\/10\\/2024-AM\",\"name\":\"AKBAR SHAMEER\",\"mobile_1\":\"9605481763\",\"mobile_2\":null,\"address_line_1\":null,\"address_line_2\":null,\"event_type\":\"MEH\\/WED\",\"total_amount\":\"0\",\"discount\":null,\"discount_by\":null,\"advance_paid\":\"2000\",\"receipt_1\":\"186\",\"date_1\":\"2024-02-09\",\"balance_amount\":null,\"receipt_2\":null,\"date_2\":null,\"comment\":null}', 'admin@admin.com', '2024-07-22 17:29:02', '2024-07-22 17:29:02'),
(137, 'create', '{\"_token\":\"HdryxqiozyKttm6wlNtZEBN6JNxAfDP4G6oCQMhG\",\"booking_details\":\"19\\/10\\/2024-PM,20\\/10\\/2024-PM\",\"name\":\"SHIFAS\",\"mobile_1\":\"8891706401\",\"mobile_2\":null,\"address_line_1\":null,\"address_line_2\":null,\"event_type\":\"MEH\\/WED\",\"total_amount\":\"1\",\"discount\":null,\"discount_by\":null,\"advance_paid\":\"5000\",\"receipt_1\":\"214\",\"date_1\":\"2024-03-05\",\"balance_amount\":null,\"receipt_2\":null,\"date_2\":null,\"comment\":null}', 'admin@admin.com', '2024-07-22 17:31:54', '2024-07-22 17:31:54'),
(138, 'create', '{\"_token\":\"HdryxqiozyKttm6wlNtZEBN6JNxAfDP4G6oCQMhG\",\"booking_details\":\"09\\/11\\/2024-PM,10\\/11\\/2024-AM\",\"name\":\"SABU\",\"mobile_1\":\"9633267222\",\"mobile_2\":null,\"address_line_1\":null,\"address_line_2\":null,\"event_type\":\"MEH\\/WED\",\"total_amount\":\"1\",\"discount\":null,\"discount_by\":null,\"advance_paid\":\"5000\",\"receipt_1\":\"466\",\"date_1\":\"2024-05-18\",\"balance_amount\":null,\"receipt_2\":null,\"date_2\":null,\"comment\":null}', 'admin@admin.com', '2024-07-22 18:13:50', '2024-07-22 18:13:50'),
(139, 'update', '{\"_method\":\"PUT\",\"_token\":\"XKBS5vqAOUgIwCqgewt9Tx8i1D8LePVu8ObMXDif\",\"booking_details\":\"20\\/07\\/2024-AM\",\"id\":\"9c75012e-e69c-4c5a-ac2d-d54fc8a9953d\",\"name\":\"JAWAHAR\",\"mobile_1\":\"1\",\"mobile_2\":null,\"address_line_1\":null,\"address_line_2\":null,\"event_type\":\"MAJLIS\",\"total_amount\":\"2000\",\"discount\":null,\"discount_by\":null,\"advance_paid\":\"500\",\"receipt_1\":\"160\",\"date_1\":\"2024-01-18\",\"balance_amount\":\"1500\",\"receipt_2\":\"536\",\"date_2\":\"2024-07-20\",\"comment\":null}', 'admin@admin.com', '2024-07-23 17:30:27', '2024-07-23 17:30:27'),
(140, 'update', '{\"_method\":\"PUT\",\"_token\":\"47Q0l1mg3AXStXkUyL4A2Ns7hRIHa1n4fG6AX9yq\",\"booking_details\":\"22\\/07\\/2024-PM\",\"id\":\"9c8cab64-a5fa-4459-aa89-f1021ebe0975\",\"name\":\"HARRIS ABU (SALEEM SHAKOOR)\",\"mobile_1\":\"1\",\"mobile_2\":null,\"address_line_1\":null,\"address_line_2\":null,\"event_type\":\"PAREEKUTTY ANUSMARANAM\",\"total_amount\":\"2500\",\"discount\":null,\"discount_by\":null,\"advance_paid\":\"0\",\"receipt_1\":\"0\",\"date_1\":\"0001-01-01\",\"balance_amount\":\"2500\",\"receipt_2\":\"537\",\"date_2\":\"2024-07-22\",\"comment\":null}', 'admin@admin.com', '2024-07-24 11:52:21', '2024-07-24 11:52:21'),
(141, 'update', '{\"_method\":\"PUT\",\"_token\":\"wVVpdNmWfg5sk6vLZDLW9WSE8ZJJ3PCgTZHDnZmx\",\"booking_details\":\"29\\/07\\/2024-PM\",\"id\":\"9c7506ac-b0a0-4abb-9d45-d1ebd40df312\",\"name\":\"SALIM\",\"mobile_1\":\"1\",\"mobile_2\":null,\"address_line_1\":null,\"address_line_2\":null,\"event_type\":\"RAFI NIGHT\",\"total_amount\":\"2500\",\"discount\":null,\"discount_by\":null,\"advance_paid\":\"500\",\"receipt_1\":\"540\",\"date_1\":\"2024-07-24\",\"balance_amount\":null,\"receipt_2\":null,\"date_2\":null,\"comment\":null}', 'admin@admin.com', '2024-07-26 17:47:08', '2024-07-26 17:47:08'),
(142, 'create', '{\"_token\":\"wVVpdNmWfg5sk6vLZDLW9WSE8ZJJ3PCgTZHDnZmx\",\"booking_details\":\"17\\/07\\/2024-PM\",\"name\":\"SALEEM SHAKOOR\",\"mobile_1\":\"1\",\"mobile_2\":null,\"address_line_1\":null,\"address_line_2\":null,\"event_type\":\"SINGERS MEET\",\"total_amount\":\"2500\",\"discount\":null,\"discount_by\":null,\"advance_paid\":\"0\",\"receipt_1\":\"0\",\"date_1\":\"0001-01-01\",\"balance_amount\":\"2500\",\"receipt_2\":\"539\",\"date_2\":\"2024-07-17\",\"comment\":null}', 'admin@admin.com', '2024-07-26 17:50:05', '2024-07-26 17:50:05'),
(143, 'update', '{\"_method\":\"PUT\",\"_token\":\"wVVpdNmWfg5sk6vLZDLW9WSE8ZJJ3PCgTZHDnZmx\",\"booking_details\":\"22\\/07\\/2024-PM\",\"id\":\"9c8cab64-a5fa-4459-aa89-f1021ebe0975\",\"name\":\"HARRIS ABU (SALEEM SHAKOOR)\",\"mobile_1\":\"1\",\"mobile_2\":null,\"address_line_1\":null,\"address_line_2\":null,\"event_type\":\"PAREEKUTTY ANUSMARANAM\",\"total_amount\":\"2500\",\"discount\":null,\"discount_by\":null,\"advance_paid\":\"0\",\"receipt_1\":\"0\",\"date_1\":\"0001-01-01\",\"balance_amount\":\"2500\",\"receipt_2\":\"537\",\"date_2\":\"2024-07-22\",\"comment\":null}', 'admin@admin.com', '2024-07-26 17:53:05', '2024-07-26 17:53:05'),
(144, 'create', '{\"_token\":\"wVVpdNmWfg5sk6vLZDLW9WSE8ZJJ3PCgTZHDnZmx\",\"booking_details\":\"23\\/12\\/2024-AM\",\"name\":\"NAZIM\",\"mobile_1\":\"1\",\"mobile_2\":null,\"address_line_1\":null,\"address_line_2\":null,\"event_type\":\"WED REC\",\"total_amount\":\"12000\",\"discount\":null,\"discount_by\":null,\"advance_paid\":\"6000\",\"receipt_1\":\"542\",\"date_1\":\"2024-12-23\",\"balance_amount\":null,\"receipt_2\":null,\"date_2\":null,\"comment\":null}', 'admin@admin.com', '2024-07-26 18:07:54', '2024-07-26 18:07:54'),
(145, 'create', '{\"_token\":\"cD1lYeARCMGabJy4lQCaqiyTr3TbgRcPjF4LMwoA\",\"booking_details\":\"30\\/07\\/2024-AM\",\"name\":\"Abdul Wahid\",\"mobile_1\":\"07736566114\",\"mobile_2\":\"07736566114\",\"address_line_1\":\"Mattancherry\",\"address_line_2\":\"12\\/108a4\",\"event_type\":\"marriage\",\"total_amount\":\"23333\",\"discount\":\"2\",\"discount_by\":\"232323\",\"advance_paid\":\"2\",\"receipt_1\":\"2\",\"date_1\":\"2024-07-27\",\"balance_amount\":null,\"receipt_2\":null,\"date_2\":null,\"comment\":null}', 'admin@admin.com', '2024-07-27 08:12:52', '2024-07-27 08:12:52'),
(146, 'cancel', '{\"_token\":\"cD1lYeARCMGabJy4lQCaqiyTr3TbgRcPjF4LMwoA\",\"_method\":\"DELETE\",\"id\":\"9c9f7aff-4c7d-42d2-942a-613ced2dcc97\",\"cancellation_amount\":\"10\"}', 'admin@admin.com', '2024-07-27 08:13:10', '2024-07-27 08:13:10');

-- --------------------------------------------------------

--
-- Table structure for table `mark_lists`
--

DROP TABLE IF EXISTS `mark_lists`;
CREATE TABLE IF NOT EXISTS `mark_lists` (
  `id` int NOT NULL AUTO_INCREMENT,
  `student_id` varchar(191) COLLATE utf8mb4_unicode_ci NOT NULL,
  `class_name` varchar(55) COLLATE utf8mb4_unicode_ci NOT NULL,
  `term` int NOT NULL,
  `grade` varchar(55) COLLATE utf8mb4_unicode_ci NOT NULL,
  `date` varchar(100) COLLATE utf8mb4_unicode_ci NOT NULL,
  `comments` varchar(55) COLLATE utf8mb4_unicode_ci NOT NULL,
  `marklist_file` varchar(191) CHARACTER SET utf8mb4 COLLATE utf8mb4_unicode_ci DEFAULT NULL,
  PRIMARY KEY (`id`),
  KEY `mark_lists_student_id_foreign` (`student_id`)
) ENGINE=MyISAM AUTO_INCREMENT=13 DEFAULT CHARSET=utf8mb4 COLLATE=utf8mb4_unicode_ci;

-- --------------------------------------------------------

--
-- Table structure for table `migrations`
--

DROP TABLE IF EXISTS `migrations`;
CREATE TABLE IF NOT EXISTS `migrations` (
  `id` int UNSIGNED NOT NULL AUTO_INCREMENT,
  `migration` varchar(191) CHARACTER SET utf8mb4 COLLATE utf8mb4_unicode_ci NOT NULL,
  `batch` int NOT NULL,
  PRIMARY KEY (`id`)
) ENGINE=MyISAM AUTO_INCREMENT=27 DEFAULT CHARSET=utf8mb4 COLLATE=utf8mb4_unicode_ci;

--
-- Dumping data for table `migrations`
--

INSERT INTO `migrations` (`id`, `migration`, `batch`) VALUES
(1, '2014_10_12_100000_create_password_resets_table', 1),
(2, '2019_12_14_000001_create_personal_access_tokens_table', 1),
(3, '2024_04_14_000001_create_audit_logs_table', 1),
(4, '2024_04_14_000002_create_permissions_table', 1),
(5, '2024_04_14_000003_create_roles_table', 1),
(6, '2024_04_14_000004_create_users_table', 1),
(7, '2024_04_14_000005_create_hole_bookings_table', 1),
(8, '2024_04_14_000006_create_booking_date_times_table', 1),
(9, '2024_04_14_000007_create_booking_payments_table', 1),
(10, '2024_04_14_000008_create_permission_role_pivot_table', 1),
(11, '2024_04_14_000009_create_role_user_pivot_table', 1),
(12, '2024_04_14_000010_add_relationship_fields_to_booking_payments_table', 1),
(13, '2024_04_21_041315_make_date_and_time_slot_nullable_in_hole_bookings_table', 1),
(16, '2024_05_29_110436_create_logs_table', 2),
(18, '2024_06_01_071950_create_cancellations_table', 3),
(20, '2024_08_13_054810_create_students_table', 4),
(21, '2024_08_16_060122_add_student_image_to_students_table', 5),
(22, '2024_08_20_053251_create_fee_payments_table', 6),
(25, '2024_08_28_091852_create_mark_lists_table', 9),
(24, '2024_08_28_095744_add_student_id_to_mark_lists_table', 8),
(26, '2024_08_28_102701_add_student_id_to_mark_lists_table', 9);

-- --------------------------------------------------------

--
-- Table structure for table `password_resets`
--

DROP TABLE IF EXISTS `password_resets`;
CREATE TABLE IF NOT EXISTS `password_resets` (
  `email` varchar(191) CHARACTER SET utf8mb4 COLLATE utf8mb4_unicode_ci NOT NULL,
  `token` varchar(191) CHARACTER SET utf8mb4 COLLATE utf8mb4_unicode_ci NOT NULL,
  `created_at` timestamp NULL DEFAULT NULL,
  KEY `password_resets_email_index` (`email`)
) ENGINE=MyISAM DEFAULT CHARSET=utf8mb4 COLLATE=utf8mb4_unicode_ci;

-- --------------------------------------------------------

--
-- Table structure for table `permissions`
--

DROP TABLE IF EXISTS `permissions`;
CREATE TABLE IF NOT EXISTS `permissions` (
  `id` bigint UNSIGNED NOT NULL AUTO_INCREMENT,
  `title` varchar(191) CHARACTER SET utf8mb4 COLLATE utf8mb4_unicode_ci DEFAULT NULL,
  `created_at` timestamp NULL DEFAULT NULL,
  `updated_at` timestamp NULL DEFAULT NULL,
  `deleted_at` timestamp NULL DEFAULT NULL,
  PRIMARY KEY (`id`)
) ENGINE=MyISAM AUTO_INCREMENT=40 DEFAULT CHARSET=utf8mb4 COLLATE=utf8mb4_unicode_ci;

--
-- Dumping data for table `permissions`
--

INSERT INTO `permissions` (`id`, `title`, `created_at`, `updated_at`, `deleted_at`) VALUES
(1, 'user_management_access', NULL, NULL, NULL),
(2, 'permission_create', NULL, NULL, NULL),
(3, 'permission_edit', NULL, NULL, NULL),
(4, 'permission_show', NULL, NULL, NULL),
(5, 'permission_delete', NULL, NULL, NULL),
(6, 'permission_access', NULL, NULL, NULL),
(7, 'role_create', NULL, NULL, NULL),
(8, 'role_edit', NULL, NULL, NULL),
(9, 'role_show', NULL, NULL, NULL),
(10, 'role_delete', NULL, NULL, NULL),
(11, 'role_access', NULL, NULL, NULL),
(12, 'user_create', NULL, NULL, NULL),
(13, 'user_edit', NULL, NULL, NULL),
(14, 'user_show', NULL, NULL, NULL),
(15, 'user_delete', NULL, NULL, NULL),
(16, 'user_access', NULL, NULL, NULL),
(17, 'hole_booking_create', NULL, NULL, NULL),
(18, 'hole_booking_edit', NULL, NULL, NULL),
(19, 'hole_booking_show', NULL, NULL, NULL),
(20, 'hole_booking_delete', NULL, NULL, NULL),
(21, 'hole_booking_access', NULL, NULL, NULL),
(22, 'audit_log_show', NULL, NULL, NULL),
(23, 'audit_log_access', NULL, NULL, NULL),
(24, 'new_booking_create', NULL, NULL, NULL),
(25, 'new_booking_edit', NULL, NULL, NULL),
(26, 'new_booking_show', NULL, NULL, NULL),
(27, 'new_booking_delete', NULL, NULL, NULL),
(28, 'new_booking_access', NULL, NULL, NULL),
(29, 'booing_date_time_create', NULL, NULL, NULL),
(30, 'booing_date_time_edit', NULL, NULL, NULL),
(31, 'booing_date_time_show', NULL, NULL, NULL),
(32, 'booing_date_time_delete', NULL, NULL, NULL),
(33, 'booing_date_time_access', NULL, NULL, NULL),
(34, 'booking_payment_create', NULL, NULL, NULL),
(35, 'booking_payment_edit', NULL, NULL, NULL),
(36, 'booking_payment_show', NULL, NULL, NULL),
(37, 'booking_payment_delete', NULL, NULL, NULL),
(38, 'booking_payment_access', NULL, NULL, NULL),
(39, 'profile_password_edit', NULL, NULL, NULL);

-- --------------------------------------------------------

--
-- Table structure for table `permission_role`
--

DROP TABLE IF EXISTS `permission_role`;
CREATE TABLE IF NOT EXISTS `permission_role` (
  `role_id` bigint UNSIGNED NOT NULL,
  `permission_id` bigint UNSIGNED NOT NULL,
  KEY `role_id_fk_9658468` (`role_id`),
  KEY `permission_id_fk_9658468` (`permission_id`)
) ENGINE=MyISAM DEFAULT CHARSET=utf8mb4 COLLATE=utf8mb4_unicode_ci;

--
-- Dumping data for table `permission_role`
--

INSERT INTO `permission_role` (`role_id`, `permission_id`) VALUES
(1, 1),
(1, 2),
(1, 3),
(1, 4),
(1, 5),
(1, 6),
(1, 7),
(1, 8),
(1, 9),
(1, 10),
(1, 11),
(1, 12),
(1, 13),
(1, 14),
(1, 15),
(1, 16),
(1, 17),
(1, 18),
(1, 19),
(1, 20),
(1, 21),
(1, 22),
(1, 23),
(1, 24),
(1, 25),
(1, 26),
(1, 27),
(1, 28),
(1, 29),
(1, 30),
(1, 31),
(1, 32),
(1, 33),
(1, 34),
(1, 35),
(1, 36),
(1, 37),
(1, 38),
(1, 39),
(2, 17),
(2, 18),
(2, 19),
(2, 20),
(2, 21),
(2, 22),
(2, 23),
(2, 24),
(2, 25),
(2, 26),
(2, 27),
(2, 28),
(2, 29),
(2, 30),
(2, 31),
(2, 32),
(2, 33),
(2, 34),
(2, 35),
(2, 36),
(2, 37),
(2, 38),
(2, 39);

-- --------------------------------------------------------

--
-- Table structure for table `personal_access_tokens`
--

DROP TABLE IF EXISTS `personal_access_tokens`;
CREATE TABLE IF NOT EXISTS `personal_access_tokens` (
  `id` bigint UNSIGNED NOT NULL AUTO_INCREMENT,
  `tokenable_type` varchar(191) CHARACTER SET utf8mb4 COLLATE utf8mb4_unicode_ci NOT NULL,
  `tokenable_id` bigint UNSIGNED NOT NULL,
  `name` varchar(191) CHARACTER SET utf8mb4 COLLATE utf8mb4_unicode_ci NOT NULL,
  `token` varchar(64) CHARACTER SET utf8mb4 COLLATE utf8mb4_unicode_ci NOT NULL,
  `abilities` text CHARACTER SET utf8mb4 COLLATE utf8mb4_unicode_ci,
  `last_used_at` timestamp NULL DEFAULT NULL,
  `expires_at` timestamp NULL DEFAULT NULL,
  `created_at` timestamp NULL DEFAULT NULL,
  `updated_at` timestamp NULL DEFAULT NULL,
  PRIMARY KEY (`id`),
  UNIQUE KEY `personal_access_tokens_token_unique` (`token`),
  KEY `personal_access_tokens_tokenable_type_tokenable_id_index` (`tokenable_type`,`tokenable_id`)
) ENGINE=MyISAM DEFAULT CHARSET=utf8mb4 COLLATE=utf8mb4_unicode_ci;

-- --------------------------------------------------------

--
-- Table structure for table `roles`
--

DROP TABLE IF EXISTS `roles`;
CREATE TABLE IF NOT EXISTS `roles` (
  `id` bigint UNSIGNED NOT NULL AUTO_INCREMENT,
  `title` varchar(191) CHARACTER SET utf8mb4 COLLATE utf8mb4_unicode_ci DEFAULT NULL,
  `created_at` timestamp NULL DEFAULT NULL,
  `updated_at` timestamp NULL DEFAULT NULL,
  `deleted_at` timestamp NULL DEFAULT NULL,
  PRIMARY KEY (`id`)
) ENGINE=MyISAM AUTO_INCREMENT=3 DEFAULT CHARSET=utf8mb4 COLLATE=utf8mb4_unicode_ci;

--
-- Dumping data for table `roles`
--

INSERT INTO `roles` (`id`, `title`, `created_at`, `updated_at`, `deleted_at`) VALUES
(1, 'Admin', NULL, NULL, NULL),
(2, 'User', NULL, NULL, NULL);

-- --------------------------------------------------------

--
-- Table structure for table `role_user`
--

DROP TABLE IF EXISTS `role_user`;
CREATE TABLE IF NOT EXISTS `role_user` (
  `user_id` bigint UNSIGNED NOT NULL,
  `role_id` bigint UNSIGNED NOT NULL,
  KEY `user_id_fk_9658477` (`user_id`),
  KEY `role_id_fk_9658477` (`role_id`)
) ENGINE=MyISAM DEFAULT CHARSET=utf8mb4 COLLATE=utf8mb4_unicode_ci;

--
-- Dumping data for table `role_user`
--

INSERT INTO `role_user` (`user_id`, `role_id`) VALUES
(1, 1);

-- --------------------------------------------------------

--
-- Table structure for table `stream`
--

DROP TABLE IF EXISTS `stream`;
CREATE TABLE IF NOT EXISTS `stream` (
  `id` int NOT NULL AUTO_INCREMENT,
  `name` varchar(150) NOT NULL,
  `course_id` int NOT NULL,
  PRIMARY KEY (`id`)
) ENGINE=MyISAM AUTO_INCREMENT=7 DEFAULT CHARSET=utf8mb4 COLLATE=utf8mb4_0900_ai_ci;

--
-- Dumping data for table `stream`
--

INSERT INTO `stream` (`id`, `name`, `course_id`) VALUES
(1, 'Computer Science', 1),
(2, 'BCA', 2),
(5, 'BSC Physics', 2),
(6, 'Biology Science', 1);

-- --------------------------------------------------------

--
-- Table structure for table `students`
--

DROP TABLE IF EXISTS `students`;
CREATE TABLE IF NOT EXISTS `students` (
  `id` varchar(191) COLLATE utf8mb4_unicode_ci NOT NULL,
  `student_name` varchar(191) CHARACTER SET utf8mb4 COLLATE utf8mb4_unicode_ci DEFAULT NULL,
  `student_id` varchar(191) CHARACTER SET utf8mb4 COLLATE utf8mb4_unicode_ci DEFAULT NULL,
  `student_mobile` varchar(191) CHARACTER SET utf8mb4 COLLATE utf8mb4_unicode_ci DEFAULT NULL,
  `guardian_name` varchar(191) CHARACTER SET utf8mb4 COLLATE utf8mb4_unicode_ci DEFAULT NULL,
  `guardian_id` varchar(191) CHARACTER SET utf8mb4 COLLATE utf8mb4_unicode_ci DEFAULT NULL,
  `guardian_mobile` varchar(191) CHARACTER SET utf8mb4 COLLATE utf8mb4_unicode_ci DEFAULT NULL,
  `address_line_1` varchar(191) CHARACTER SET utf8mb4 COLLATE utf8mb4_unicode_ci DEFAULT NULL,
  `address_line_2` varchar(191) CHARACTER SET utf8mb4 COLLATE utf8mb4_unicode_ci DEFAULT NULL,
  `educational_institution` varchar(191) CHARACTER SET utf8mb4 COLLATE utf8mb4_unicode_ci DEFAULT NULL,
  `institution_mobile` varchar(191) CHARACTER SET utf8mb4 COLLATE utf8mb4_unicode_ci DEFAULT NULL,
  `course_id` varchar(191) CHARACTER SET utf8mb4 COLLATE utf8mb4_unicode_ci DEFAULT NULL,
  `stream_id` varchar(191) COLLATE utf8mb4_unicode_ci DEFAULT NULL,
  `current_grade` varchar(191) CHARACTER SET utf8mb4 COLLATE utf8mb4_unicode_ci DEFAULT NULL,
  `total_fees` int DEFAULT NULL,
  `allocated_fees` int DEFAULT NULL,
  `student_image` varchar(191) COLLATE utf8mb4_unicode_ci DEFAULT NULL,
  `deleted_at` timestamp NULL DEFAULT NULL,
  `created_at` timestamp NULL DEFAULT NULL,
  `updated_at` timestamp NULL DEFAULT NULL,
  PRIMARY KEY (`id`),
  KEY `students_course_id_foreign` (`course_id`),
  KEY `students_stream_id_foreign` (`stream_id`)
) ENGINE=MyISAM DEFAULT CHARSET=utf8mb4 COLLATE=utf8mb4_unicode_ci;

--
-- Dumping data for table `students`
--

INSERT INTO `students` (`id`, `student_name`, `student_id`, `student_mobile`, `guardian_name`, `guardian_id`, `guardian_mobile`, `address_line_1`, `address_line_2`, `educational_institution`, `institution_mobile`, `course_id`, `stream_id`, `current_grade`, `total_fees`, `allocated_fees`, `student_image`, `deleted_at`, `created_at`, `updated_at`) VALUES
('50db449e-edba-4dbc-9192-3343eb5869c1', 'dsaSD', '788624357366', '02332342342', 'sfsfs', '754345678654', '02332342342', NULL, NULL, NULL, NULL, '1', '1', '+1', 10000, 8000, '1726311413.jpg', NULL, '2024-09-14 05:26:53', '2024-09-14 05:26:53'),
('588a40f5-9c72-4cb3-911d-6347b66d690e', 'zara', '456789043529', '07994243765', 'lkjhg', '343333333333', '07994243765', NULL, NULL, NULL, NULL, '2', '2', '2nd Sem', 10000, 8000, NULL, NULL, '2024-09-14 05:16:11', '2024-09-14 05:50:35'),
('9542b25e-cc46-4f12-98ba-2896765b02b0', 'jkh', '345678765432', '03486843523', 'rajan', '343333333333', '03486843523', NULL, NULL, NULL, NULL, '2', '2', '6th Sem', 10000, 5000, NULL, NULL, '2024-09-14 05:09:11', '2024-09-14 05:09:11'),
('3ce9d2f9-9b12-4001-8f5b-4317c24d0574', 'rocky', '456789043523', '02332342342', 'deol', '754345678654', '02332342342', NULL, NULL, NULL, NULL, '2', '2', '4th Sem', NULL, NULL, NULL, NULL, '2024-09-14 04:51:46', '2024-09-14 04:51:46'),
('dbcc729c-3b4c-4755-8149-931a7a3d9a6b', 'firoz', '234334554545', NULL, 'latheef', '754345678654', '7994243765', NULL, NULL, NULL, NULL, '1', '1', '+1', 7000, 5000, '1726309996.jpg', NULL, '2024-09-14 04:29:41', '2024-09-14 05:03:16');

-- --------------------------------------------------------

--
-- Table structure for table `users`
--

DROP TABLE IF EXISTS `users`;
CREATE TABLE IF NOT EXISTS `users` (
  `id` bigint UNSIGNED NOT NULL AUTO_INCREMENT,
  `name` varchar(191) CHARACTER SET utf8mb4 COLLATE utf8mb4_unicode_ci NOT NULL,
  `email` varchar(191) CHARACTER SET utf8mb4 COLLATE utf8mb4_unicode_ci NOT NULL,
  `email_verified_at` datetime DEFAULT NULL,
  `password` varchar(191) CHARACTER SET utf8mb4 COLLATE utf8mb4_unicode_ci NOT NULL,
  `remember_token` varchar(191) CHARACTER SET utf8mb4 COLLATE utf8mb4_unicode_ci DEFAULT NULL,
  `created_at` timestamp NULL DEFAULT NULL,
  `updated_at` timestamp NULL DEFAULT NULL,
  `deleted_at` timestamp NULL DEFAULT NULL,
  PRIMARY KEY (`id`),
  UNIQUE KEY `users_email_unique` (`email`)
) ENGINE=MyISAM AUTO_INCREMENT=2 DEFAULT CHARSET=utf8mb4 COLLATE=utf8mb4_unicode_ci;

--
-- Dumping data for table `users`
--

INSERT INTO `users` (`id`, `name`, `email`, `email_verified_at`, `password`, `remember_token`, `created_at`, `updated_at`, `deleted_at`) VALUES
(1, 'Admin', 'admin@admin.com', NULL, '$2y$10$tIK178Sv1SSVZY07RLRrEeatE30e4LbQb2c0Fthdh0COe4MbiVWu6', 'zR06dIckTQk2xmcqGrM8NqFgd8CMF3KwjRb1YHxiMGByi56iVqZ8pzvXeQBk', NULL, NULL, NULL);
COMMIT;

/*!40101 SET CHARACTER_SET_CLIENT=@OLD_CHARACTER_SET_CLIENT */;
/*!40101 SET CHARACTER_SET_RESULTS=@OLD_CHARACTER_SET_RESULTS */;
/*!40101 SET COLLATION_CONNECTION=@OLD_COLLATION_CONNECTION */;
